Country,Year,Agricultural irrigated land (% of total agricultural land)
Afghanistan,1960,
Afghanistan,1961,
Afghanistan,1962,
Afghanistan,1963,
Afghanistan,1964,
Afghanistan,1965,
Afghanistan,1966,
Afghanistan,1967,
Afghanistan,1968,
Afghanistan,1969,
Afghanistan,1970,
Afghanistan,1971,
Afghanistan,1972,
Afghanistan,1973,
Afghanistan,1974,
Afghanistan,1975,
Afghanistan,1976,
Afghanistan,1977,
Afghanistan,1978,
Afghanistan,1979,
Afghanistan,1980,
Afghanistan,1981,
Afghanistan,1982,
Afghanistan,1983,
Afghanistan,1984,
Afghanistan,1985,
Afghanistan,1986,
Afghanistan,1987,
Afghanistan,1988,
Afghanistan,1989,
Afghanistan,1990,
Afghanistan,1991,
Afghanistan,1992,
Afghanistan,1993,
Afghanistan,1994,
Afghanistan,1995,
Afghanistan,1996,
Afghanistan,1997,
Afghanistan,1998,
Afghanistan,1999,
Afghanistan,2000,
Afghanistan,2001,5.66212461965868
Afghanistan,2002,4.61762370997618
Afghanistan,2003,7.26428043501214
Afghanistan,2004,5.49989453701751
Afghanistan,2005,5.83906954664135
Afghanistan,2006,6.08546557636508
Afghanistan,2007,5.93975840059081
Afghanistan,2008,5.77856313957168
Afghanistan,2009,4.84228294123853
Afghanistan,2010,5.00039560091779
Afghanistan,2011,5.39100619807464
Afghanistan,2012,5.46499973624519
Afghanistan,2013,5.51833289369559
Afghanistan,2014,5.74254814033237
Afghanistan,2015,5.71089422316012
Afghanistan,2016,6.4811395410182
Afghanistan,2017,5.99050382484833
Afghanistan,2018,5.1223362273086
Afghanistan,2019,6.00631412786109
Afghanistan,2020,6.50692976274372
Afghanistan,2021,6.50692976274372
Afghanistan,2022,
Albania,1960,
Albania,1961,
Albania,1962,
Albania,1963,
Albania,1964,
Albania,1965,
Albania,1966,
Albania,1967,
Albania,1968,
Albania,1969,
Albania,1970,
Albania,1971,
Albania,1972,
Albania,1973,
Albania,1974,
Albania,1975,
Albania,1976,
Albania,1977,
Albania,1978,
Albania,1979,
Albania,1980,
Albania,1981,
Albania,1982,
Albania,1983,
Albania,1984,
Albania,1985,
Albania,1986,
Albania,1987,
Albania,1988,
Albania,1989,
Albania,1990,
Albania,1991,
Albania,1992,
Albania,1993,
Albania,1994,
Albania,1995,
Albania,1996,
Albania,1997,
Albania,1998,
Albania,1999,
Albania,2000,
Albania,2001,
Albania,2002,
Albania,2003,
Albania,2004,
Albania,2005,
Albania,2006,
Albania,2007,17.426273458445
Albania,2008,9.99153259949196
Albania,2009,16.8151169566303
Albania,2010,17.0232248397569
Albania,2011,17.0108243130724
Albania,2012,17.0398734704071
Albania,2013,17.2879642887223
Albania,2014,12.7566444404704
Albania,2015,13.4548241505578
Albania,2016,14.3014301430143
Albania,2017,14.5621022566149
Albania,2018,14.9904478481468
Albania,2019,15.2470187393526
Albania,2020,15.6148787487506
Albania,2021,16.5444897168956
Albania,2022,
Algeria,1960,
Algeria,1961,
Algeria,1962,
Algeria,1963,
Algeria,1964,
Algeria,1965,
Algeria,1966,
Algeria,1967,
Algeria,1968,
Algeria,1969,
Algeria,1970,
Algeria,1971,
Algeria,1972,
Algeria,1973,
Algeria,1974,
Algeria,1975,
Algeria,1976,
Algeria,1977,
Algeria,1978,
Algeria,1979,
Algeria,1980,
Algeria,1981,
Algeria,1982,
Algeria,1983,
Algeria,1984,
Algeria,1985,
Algeria,1986,
Algeria,1987,
Algeria,1988,
Algeria,1989,
Algeria,1990,
Algeria,1991,
Algeria,1992,
Algeria,1993,
Algeria,1994,
Algeria,1995,
Algeria,1996,
Algeria,1997,
Algeria,1998,
Algeria,1999,
Algeria,2000,
Algeria,2001,
Algeria,2002,
Algeria,2003,1.80926534304623
Algeria,2004,1.92733017377567
Algeria,2005,2.00189269855136
Algeria,2006,2.0276341031058
Algeria,2007,2.19383302627751
Algeria,2008,2.0715098404706
Algeria,2009,2.13711938134364
Algeria,2010,2.38125392758737
Algeria,2011,2.38477336426017
Algeria,2012,2.51924057549376
Algeria,2013,2.62963312937083
Algeria,2014,2.74253336873356
Algeria,2015,2.93141951544273
Algeria,2016,3.04763516617424
Algeria,2017,3.16041260466687
Algeria,2018,
Algeria,2019,3.34465491648516
Algeria,2020,
Algeria,2021,
Algeria,2022,
Armenia,1960,
Armenia,1961,
Armenia,1962,
Armenia,1963,
Armenia,1964,
Armenia,1965,
Armenia,1966,
Armenia,1967,
Armenia,1968,
Armenia,1969,
Armenia,1970,
Armenia,1971,
Armenia,1972,
Armenia,1973,
Armenia,1974,
Armenia,1975,
Armenia,1976,
Armenia,1977,
Armenia,1978,
Armenia,1979,
Armenia,1980,
Armenia,1981,
Armenia,1982,
Armenia,1983,
Armenia,1984,
Armenia,1985,
Armenia,1986,
Armenia,1987,
Armenia,1988,
Armenia,1989,
Armenia,1990,
Armenia,1991,
Armenia,1992,
Armenia,1993,
Armenia,1994,
Armenia,1995,
Armenia,1996,
Armenia,1997,
Armenia,1998,
Armenia,1999,
Armenia,2000,
Armenia,2001,
Armenia,2002,
Armenia,2003,
Armenia,2004,
Armenia,2005,
Armenia,2006,8.76224094739239
Armenia,2007,8.82470460642731
Armenia,2008,8.90667886550778
Armenia,2009,8.9217202084407
Armenia,2010,8.94524495677233
Armenia,2011,9.10429303339026
Armenia,2012,9.17409387997623
Armenia,2013,9.16221033868093
Armenia,2014,9.1985482239543
Armenia,2015,9.22645673048249
Armenia,2016,9.23187022900763
Armenia,2017,9.22975956088539
Armenia,2018,9.23508018839802
Armenia,2019,9.2546213476446
Armenia,2020,9.28520286396181
Armenia,2021,9.30786591991975
Armenia,2022,
Australia,1960,
Australia,1961,
Australia,1962,
Australia,1963,
Australia,1964,
Australia,1965,
Australia,1966,
Australia,1967,
Australia,1968,
Australia,1969,
Australia,1970,
Australia,1971,
Australia,1972,
Australia,1973,
Australia,1974,
Australia,1975,
Australia,1976,
Australia,1977,
Australia,1978,
Australia,1979,
Australia,1980,
Australia,1981,
Australia,1982,
Australia,1983,
Australia,1984,
Australia,1985,
Australia,1986,
Australia,1987,
Australia,1988,
Australia,1989,
Australia,1990,
Australia,1991,
Australia,1992,
Australia,1993,
Australia,1994,
Australia,1995,
Australia,1996,
Australia,1997,
Australia,1998,
Australia,1999,
Australia,2000,
Australia,2001,0.549923195084485
Australia,2002,0.569351230425056
Australia,2003,0.541069397042093
Australia,2004,0.60824601297524
Australia,2005,0.586256490261561
Australia,2006,0.62203458570933
Australia,2007,0.482734642800212
Australia,2008,0.475483446702698
Australia,2009,0.458287031856284
Australia,2010,0.489143719511547
Australia,2011,0.495555650924844
Australia,2012,0.553121350845829
Australia,2013,0.639634187344496
Australia,2014,0.630650360688312
Australia,2015,0.61734636719053
Australia,2016,0.626674683743819
Australia,2017,0.603490239002574
Australia,2018,0.640298694604271
Australia,2019,0.539344565310351
Australia,2020,0.427517391609866
Australia,2021,0.535047686640863
Australia,2022,
Azerbaijan,1960,
Azerbaijan,1961,
Azerbaijan,1962,
Azerbaijan,1963,
Azerbaijan,1964,
Azerbaijan,1965,
Azerbaijan,1966,
Azerbaijan,1967,
Azerbaijan,1968,
Azerbaijan,1969,
Azerbaijan,1970,
Azerbaijan,1971,
Azerbaijan,1972,
Azerbaijan,1973,
Azerbaijan,1974,
Azerbaijan,1975,
Azerbaijan,1976,
Azerbaijan,1977,
Azerbaijan,1978,
Azerbaijan,1979,
Azerbaijan,1980,
Azerbaijan,1981,
Azerbaijan,1982,
Azerbaijan,1983,
Azerbaijan,1984,
Azerbaijan,1985,
Azerbaijan,1986,
Azerbaijan,1987,
Azerbaijan,1988,
Azerbaijan,1989,
Azerbaijan,1990,
Azerbaijan,1991,
Azerbaijan,1992,
Azerbaijan,1993,
Azerbaijan,1994,
Azerbaijan,1995,
Azerbaijan,1996,
Azerbaijan,1997,
Azerbaijan,1998,
Azerbaijan,1999,
Azerbaijan,2000,
Azerbaijan,2001,29.9856709372893
Azerbaijan,2002,29.9900946279163
Azerbaijan,2003,29.9289109493964
Azerbaijan,2004,30.0321773328566
Azerbaijan,2005,30.0508552935737
Azerbaijan,2006,30.0357443229605
Azerbaijan,2007,30.0557132345212
Azerbaijan,2008,30.0523472155065
Azerbaijan,2009,29.5251508208438
Azerbaijan,2010,29.4767978518083
Azerbaijan,2011,29.4545683309917
Azerbaijan,2012,29.5262462512845
Azerbaijan,2013,29.6511384125121
Azerbaijan,2014,29.7230433779902
Azerbaijan,2015,30.001257914378
Azerbaijan,2016,29.8114393463231
Azerbaijan,2017,29.9298796441654
Azerbaijan,2018,29.9884925201381
Azerbaijan,2019,30.0144360524719
Azerbaijan,2020,30.6458023890714
Azerbaijan,2021,30.7346358197716
Azerbaijan,2022,
Bangladesh,1960,
Bangladesh,1961,
Bangladesh,1962,
Bangladesh,1963,
Bangladesh,1964,
Bangladesh,1965,
Bangladesh,1966,
Bangladesh,1967,
Bangladesh,1968,
Bangladesh,1969,
Bangladesh,1970,
Bangladesh,1971,
Bangladesh,1972,
Bangladesh,1973,
Bangladesh,1974,
Bangladesh,1975,
Bangladesh,1976,
Bangladesh,1977,
Bangladesh,1978,
Bangladesh,1979,
Bangladesh,1980,
Bangladesh,1981,
Bangladesh,1982,
Bangladesh,1983,
Bangladesh,1984,
Bangladesh,1985,
Bangladesh,1986,
Bangladesh,1987,
Bangladesh,1988,
Bangladesh,1989,
Bangladesh,1990,
Bangladesh,1991,
Bangladesh,1992,
Bangladesh,1993,
Bangladesh,1994,
Bangladesh,1995,
Bangladesh,1996,
Bangladesh,1997,
Bangladesh,1998,
Bangladesh,1999,
Bangladesh,2000,
Bangladesh,2001,
Bangladesh,2002,
Bangladesh,2003,
Bangladesh,2004,51.346133218921
Bangladesh,2005,51.1223284287402
Bangladesh,2006,52.6185344827586
Bangladesh,2007,
Bangladesh,2008,
Bangladesh,2009,
Bangladesh,2010,
Bangladesh,2011,
Bangladesh,2012,
Bangladesh,2013,57.9111877559819
Bangladesh,2014,57.9613733905579
Bangladesh,2015,57.7470999253782
Bangladesh,2016,57.6849728019031
Bangladesh,2017,57.8057655158853
Bangladesh,2018,57.717262368473
Bangladesh,2019,78.7783630470016
Bangladesh,2020,79.3614020950846
Bangladesh,2021,78.9034564958284
Bangladesh,2022,
Belarus,1960,
Belarus,1961,
Belarus,1962,
Belarus,1963,
Belarus,1964,
Belarus,1965,
Belarus,1966,
Belarus,1967,
Belarus,1968,
Belarus,1969,
Belarus,1970,
Belarus,1971,
Belarus,1972,
Belarus,1973,
Belarus,1974,
Belarus,1975,
Belarus,1976,
Belarus,1977,
Belarus,1978,
Belarus,1979,
Belarus,1980,
Belarus,1981,
Belarus,1982,
Belarus,1983,
Belarus,1984,
Belarus,1985,
Belarus,1986,
Belarus,1987,
Belarus,1988,
Belarus,1989,
Belarus,1990,
Belarus,1991,
Belarus,1992,
Belarus,1993,
Belarus,1994,
Belarus,1995,
Belarus,1996,
Belarus,1997,
Belarus,1998,
Belarus,1999,
Belarus,2000,
Belarus,2001,1.25985977212971
Belarus,2002,1.27423822714681
Belarus,2003,1.26864010683285
Belarus,2004,1.27274757173161
Belarus,2005,1.27388535031847
Belarus,2006,1.23911587407904
Belarus,2007,
Belarus,2008,0.594370303913872
Belarus,2009,0.526492662708637
Belarus,2010,0.337154416722859
Belarus,2011,0.344788732394366
Belarus,2012,0.34106412005457
Belarus,2013,0.339792451097438
Belarus,2014,0.344391748512854
Belarus,2015,0.352219449044809
Belarus,2016,0.355104480410656
Belarus,2017,0.356722392276901
Belarus,2018,0.358452620371466
Belarus,2019,0.361273399308454
Belarus,2020,0.365897838425311
Belarus,2021,0.349889894788353
Belarus,2022,
Botswana,1960,
Botswana,1961,
Botswana,1962,
Botswana,1963,
Botswana,1964,
Botswana,1965,
Botswana,1966,
Botswana,1967,
Botswana,1968,
Botswana,1969,
Botswana,1970,
Botswana,1971,
Botswana,1972,
Botswana,1973,
Botswana,1974,
Botswana,1975,
Botswana,1976,
Botswana,1977,
Botswana,1978,
Botswana,1979,
Botswana,1980,
Botswana,1981,
Botswana,1982,
Botswana,1983,
Botswana,1984,
Botswana,1985,
Botswana,1986,
Botswana,1987,
Botswana,1988,
Botswana,1989,
Botswana,1990,
Botswana,1991,
Botswana,1992,
Botswana,1993,
Botswana,1994,
Botswana,1995,
Botswana,1996,
Botswana,1997,
Botswana,1998,
Botswana,1999,
Botswana,2000,
Botswana,2001,
Botswana,2002,
Botswana,2003,0.0005427198015196
Botswana,2004,0.0011615750958299
Botswana,2005,
Botswana,2006,0.0011626555051738
Botswana,2007,0.0008144585789636
Botswana,2008,0.0057957575055059
Botswana,2009,0.0025464927849371
Botswana,2010,0.0029001198716213
Botswana,2011,0.0013499961428681
Botswana,2012,0.004249237068799
Botswana,2013,0.0042500579553357
Botswana,2014,0.0096139055529918
Botswana,2015,
Botswana,2016,
Botswana,2017,
Botswana,2018,
Botswana,2019,
Botswana,2020,
Botswana,2021,
Botswana,2022,
Brunei,1960,
Brunei,1961,
Brunei,1962,
Brunei,1963,
Brunei,1964,
Brunei,1965,
Brunei,1966,
Brunei,1967,
Brunei,1968,
Brunei,1969,
Brunei,1970,
Brunei,1971,
Brunei,1972,
Brunei,1973,
Brunei,1974,
Brunei,1975,
Brunei,1976,
Brunei,1977,
Brunei,1978,
Brunei,1979,
Brunei,1980,
Brunei,1981,
Brunei,1982,
Brunei,1983,
Brunei,1984,
Brunei,1985,
Brunei,1986,
Brunei,1987,
Brunei,1988,
Brunei,1989,
Brunei,1990,
Brunei,1991,
Brunei,1992,
Brunei,1993,
Brunei,1994,
Brunei,1995,
Brunei,1996,
Brunei,1997,
Brunei,1998,
Brunei,1999,
Brunei,2000,
Brunei,2001,
Brunei,2002,0.769230769230769
Brunei,2003,0.769230769230769
Brunei,2004,0.769230769230769
Brunei,2005,0.769230769230769
Brunei,2006,0.0
Brunei,2007,0.806451612903226
Brunei,2008,
Brunei,2009,
Brunei,2010,
Brunei,2011,
Brunei,2012,
Brunei,2013,
Brunei,2014,
Brunei,2015,
Brunei,2016,
Brunei,2017,
Brunei,2018,
Brunei,2019,
Brunei,2020,
Brunei,2021,
Brunei,2022,
Cyprus,1960,
Cyprus,1961,
Cyprus,1962,
Cyprus,1963,
Cyprus,1964,
Cyprus,1965,
Cyprus,1966,
Cyprus,1967,
Cyprus,1968,
Cyprus,1969,
Cyprus,1970,
Cyprus,1971,
Cyprus,1972,
Cyprus,1973,
Cyprus,1974,
Cyprus,1975,
Cyprus,1976,
Cyprus,1977,
Cyprus,1978,
Cyprus,1979,
Cyprus,1980,
Cyprus,1981,
Cyprus,1982,
Cyprus,1983,
Cyprus,1984,
Cyprus,1985,
Cyprus,1986,
Cyprus,1987,
Cyprus,1988,
Cyprus,1989,
Cyprus,1990,
Cyprus,1991,
Cyprus,1992,
Cyprus,1993,
Cyprus,1994,
Cyprus,1995,
Cyprus,1996,
Cyprus,1997,
Cyprus,1998,
Cyprus,1999,
Cyprus,2000,
Cyprus,2001,25.0
Cyprus,2002,25.0
Cyprus,2003,23.3766233766234
Cyprus,2004,21.7948717948718
Cyprus,2005,20.9580838323353
Cyprus,2006,21.0191082802548
Cyprus,2007,20.2445652173913
Cyprus,2008,21.1072664359862
Cyprus,2009,22.4137931034483
Cyprus,2010,21.8340611353712
Cyprus,2011,21.4101461736887
Cyprus,2012,20.9580838323353
Cyprus,2013,21.3176513828907
Cyprus,2014,21.2883097816113
Cyprus,2015,19.9715819387433
Cyprus,2016,21.4772831154585
Cyprus,2017,
Cyprus,2018,
Cyprus,2019,
Cyprus,2020,21.0403817333898
Cyprus,2021,
Cyprus,2022,
Czechia,1960,
Czechia,1961,
Czechia,1962,
Czechia,1963,
Czechia,1964,
Czechia,1965,
Czechia,1966,
Czechia,1967,
Czechia,1968,
Czechia,1969,
Czechia,1970,
Czechia,1971,
Czechia,1972,
Czechia,1973,
Czechia,1974,
Czechia,1975,
Czechia,1976,
Czechia,1977,
Czechia,1978,
Czechia,1979,
Czechia,1980,
Czechia,1981,
Czechia,1982,
Czechia,1983,
Czechia,1984,
Czechia,1985,
Czechia,1986,
Czechia,1987,
Czechia,1988,
Czechia,1989,
Czechia,1990,
Czechia,1991,
Czechia,1992,
Czechia,1993,
Czechia,1994,
Czechia,1995,
Czechia,1996,
Czechia,1997,
Czechia,1998,
Czechia,1999,
Czechia,2000,
Czechia,2001,
Czechia,2002,
Czechia,2003,0.460688797902094
Czechia,2004,
Czechia,2005,0.471503179872916
Czechia,2006,
Czechia,2007,0.556065282064114
Czechia,2008,0.279985776722542
Czechia,2009,0.310220058829004
Czechia,2010,0.53917228540943
Czechia,2011,0.57076974007146
Czechia,2012,0.56723267033288
Czechia,2013,0.511218403862539
Czechia,2014,0.511945392491468
Czechia,2015,0.515168860904407
Czechia,2016,0.716743119266055
Czechia,2017,0.710025560920193
Czechia,2018,0.709622480840193
Czechia,2019,0.709489766177715
Czechia,2020,0.624313432585926
Czechia,2021,0.623803578506073
Czechia,2022,
Denmark,1960,
Denmark,1961,
Denmark,1962,
Denmark,1963,
Denmark,1964,
Denmark,1965,
Denmark,1966,
Denmark,1967,
Denmark,1968,
Denmark,1969,
Denmark,1970,
Denmark,1971,
Denmark,1972,
Denmark,1973,
Denmark,1974,
Denmark,1975,
Denmark,1976,
Denmark,1977,
Denmark,1978,
Denmark,1979,
Denmark,1980,
Denmark,1981,
Denmark,1982,
Denmark,1983,
Denmark,1984,
Denmark,1985,
Denmark,1986,
Denmark,1987,
Denmark,1988,
Denmark,1989,
Denmark,1990,
Denmark,1991,
Denmark,1992,
Denmark,1993,
Denmark,1994,
Denmark,1995,
Denmark,1996,
Denmark,1997,
Denmark,1998,
Denmark,1999,
Denmark,2000,
Denmark,2001,7.62331838565022
Denmark,2002,7.65478424015009
Denmark,2003,7.58088788562829
Denmark,2004,7.70975056689342
Denmark,2005,9.67861100849649
Denmark,2006,9.66789667896679
Denmark,2007,9.5381149079985
Denmark,2008,9.52023988005997
Denmark,2009,9.64312832194381
Denmark,2010,12.1477532368621
Denmark,2011,
Denmark,2012,
Denmark,2013,9.20852359208524
Denmark,2014,
Denmark,2015,5.54311308064584
Denmark,2016,8.30444554493162
Denmark,2017,8.20887014023486
Denmark,2018,8.69895536562203
Denmark,2019,11.652859044199
Denmark,2020,9.00767828237316
Denmark,2021,9.01451489686784
Denmark,2022,
Dominican Republic,1960,
Dominican Republic,1961,
Dominican Republic,1962,
Dominican Republic,1963,
Dominican Republic,1964,
Dominican Republic,1965,
Dominican Republic,1966,
Dominican Republic,1967,
Dominican Republic,1968,
Dominican Republic,1969,
Dominican Republic,1970,
Dominican Republic,1971,
Dominican Republic,1972,
Dominican Republic,1973,
Dominican Republic,1974,
Dominican Republic,1975,
Dominican Republic,1976,
Dominican Republic,1977,
Dominican Republic,1978,
Dominican Republic,1979,
Dominican Republic,1980,
Dominican Republic,1981,
Dominican Republic,1982,
Dominican Republic,1983,
Dominican Republic,1984,
Dominican Republic,1985,
Dominican Republic,1986,
Dominican Republic,1987,
Dominican Republic,1988,
Dominican Republic,1989,
Dominican Republic,1990,
Dominican Republic,1991,
Dominican Republic,1992,
Dominican Republic,1993,
Dominican Republic,1994,
Dominican Republic,1995,
Dominican Republic,1996,
Dominican Republic,1997,
Dominican Republic,1998,
Dominican Republic,1999,
Dominican Republic,2000,
Dominican Republic,2001,8.90218687872764
Dominican Republic,2002,7.92127236580517
Dominican Republic,2003,7.7741273100616
Dominican Republic,2004,8.94497310715763
Dominican Republic,2005,9.93793959453869
Dominican Republic,2006,9.1932147290029
Dominican Republic,2007,8.89532478278858
Dominican Republic,2008,8.85273258239466
Dominican Republic,2009,8.96954526491448
Dominican Republic,2010,8.65665415102211
Dominican Republic,2011,8.69420108468919
Dominican Republic,2012,
Dominican Republic,2013,
Dominican Republic,2014,
Dominican Republic,2015,
Dominican Republic,2016,
Dominican Republic,2017,
Dominican Republic,2018,12.2716961712639
Dominican Republic,2019,
Dominican Republic,2020,
Dominican Republic,2021,
Dominican Republic,2022,
Ecuador,1960,
Ecuador,1961,
Ecuador,1962,
Ecuador,1963,
Ecuador,1964,
Ecuador,1965,
Ecuador,1966,
Ecuador,1967,
Ecuador,1968,
Ecuador,1969,
Ecuador,1970,
Ecuador,1971,
Ecuador,1972,
Ecuador,1973,
Ecuador,1974,
Ecuador,1975,
Ecuador,1976,
Ecuador,1977,
Ecuador,1978,
Ecuador,1979,
Ecuador,1980,
Ecuador,1981,
Ecuador,1982,
Ecuador,1983,
Ecuador,1984,
Ecuador,1985,
Ecuador,1986,
Ecuador,1987,
Ecuador,1988,
Ecuador,1989,
Ecuador,1990,
Ecuador,1991,
Ecuador,1992,
Ecuador,1993,
Ecuador,1994,
Ecuador,1995,
Ecuador,1996,
Ecuador,1997,
Ecuador,1998,
Ecuador,1999,
Ecuador,2000,
Ecuador,2001,
Ecuador,2002,8.58477970627503
Ecuador,2003,9.26896551724138
Ecuador,2004,9.52570745316859
Ecuador,2005,10.0266666666667
Ecuador,2006,10.2229983879635
Ecuador,2007,10.7528332433891
Ecuador,2008,10.1813297515111
Ecuador,2009,12.6353790613718
Ecuador,2010,12.5638529148939
Ecuador,2011,12.7686799798533
Ecuador,2012,12.6283818886624
Ecuador,2013,12.5781977904965
Ecuador,2014,16.6392694063927
Ecuador,2015,15.6676455346347
Ecuador,2016,16.2799129804206
Ecuador,2017,17.2808586762075
Ecuador,2018,15.8957415565345
Ecuador,2019,17.4484052532833
Ecuador,2020,18.450184501845
Ecuador,2021,18.8665447897623
Ecuador,2022,
El Salvador,1960,
El Salvador,1961,
El Salvador,1962,
El Salvador,1963,
El Salvador,1964,
El Salvador,1965,
El Salvador,1966,
El Salvador,1967,
El Salvador,1968,
El Salvador,1969,
El Salvador,1970,
El Salvador,1971,
El Salvador,1972,
El Salvador,1973,
El Salvador,1974,
El Salvador,1975,
El Salvador,1976,
El Salvador,1977,
El Salvador,1978,
El Salvador,1979,
El Salvador,1980,
El Salvador,1981,
El Salvador,1982,
El Salvador,1983,
El Salvador,1984,
El Salvador,1985,
El Salvador,1986,
El Salvador,1987,
El Salvador,1988,
El Salvador,1989,
El Salvador,1990,
El Salvador,1991,
El Salvador,1992,
El Salvador,1993,
El Salvador,1994,
El Salvador,1995,
El Salvador,1996,
El Salvador,1997,
El Salvador,1998,
El Salvador,1999,
El Salvador,2000,
El Salvador,2001,
El Salvador,2002,
El Salvador,2003,2.27145931298318
El Salvador,2004,2.20192082454907
El Salvador,2005,2.47004759560151
El Salvador,2006,2.6707206837045
El Salvador,2007,2.01401756223314
El Salvador,2008,2.26262626262626
El Salvador,2009,2.55329496636135
El Salvador,2010,1.38222619725181
El Salvador,2011,1.28874388254486
El Salvador,2012,1.61184748813615
El Salvador,2013,1.68253447143795
El Salvador,2014,1.76247735134245
El Salvador,2015,
El Salvador,2016,1.86969771847459
El Salvador,2017,
El Salvador,2018,1.86501630843857
El Salvador,2019,2.12427866521703
El Salvador,2020,2.29154470184829
El Salvador,2021,2.01028686125282
El Salvador,2022,
Ethiopia,1960,
Ethiopia,1961,
Ethiopia,1962,
Ethiopia,1963,
Ethiopia,1964,
Ethiopia,1965,
Ethiopia,1966,
Ethiopia,1967,
Ethiopia,1968,
Ethiopia,1969,
Ethiopia,1970,
Ethiopia,1971,
Ethiopia,1972,
Ethiopia,1973,
Ethiopia,1974,
Ethiopia,1975,
Ethiopia,1976,
Ethiopia,1977,
Ethiopia,1978,
Ethiopia,1979,
Ethiopia,1980,
Ethiopia,1981,
Ethiopia,1982,
Ethiopia,1983,
Ethiopia,1984,
Ethiopia,1985,
Ethiopia,1986,
Ethiopia,1987,
Ethiopia,1988,
Ethiopia,1989,
Ethiopia,1990,
Ethiopia,1991,
Ethiopia,1992,
Ethiopia,1993,
Ethiopia,1994,
Ethiopia,1995,
Ethiopia,1996,
Ethiopia,1997,
Ethiopia,1998,
Ethiopia,1999,
Ethiopia,2000,
Ethiopia,2001,0.323963480480382
Ethiopia,2002,0.324611449931143
Ethiopia,2003,0.3815610466036
Ethiopia,2004,0.36705839702728
Ethiopia,2005,0.437319520109553
Ethiopia,2006,0.393056489085011
Ethiopia,2007,0.512586595204835
Ethiopia,2008,0.476255324080781
Ethiopia,2009,0.441331999428326
Ethiopia,2010,0.510046800997674
Ethiopia,2011,0.453128957307874
Ethiopia,2012,
Ethiopia,2013,
Ethiopia,2014,
Ethiopia,2015,
Ethiopia,2016,
Ethiopia,2017,1.84001614273803
Ethiopia,2018,2.08070495739124
Ethiopia,2019,
Ethiopia,2020,0.471448509594268
Ethiopia,2021,
Ethiopia,2022,
Finland,1960,
Finland,1961,
Finland,1962,
Finland,1963,
Finland,1964,
Finland,1965,
Finland,1966,
Finland,1967,
Finland,1968,
Finland,1969,
Finland,1970,
Finland,1971,
Finland,1972,
Finland,1973,
Finland,1974,
Finland,1975,
Finland,1976,
Finland,1977,
Finland,1978,
Finland,1979,
Finland,1980,
Finland,1981,
Finland,1982,
Finland,1983,
Finland,1984,
Finland,1985,
Finland,1986,
Finland,1987,
Finland,1988,
Finland,1989,
Finland,1990,
Finland,1991,
Finland,1992,
Finland,1993,
Finland,1994,
Finland,1995,
Finland,1996,
Finland,1997,
Finland,1998,
Finland,1999,
Finland,2000,
Finland,2001,
Finland,2002,
Finland,2003,
Finland,2004,
Finland,2005,
Finland,2006,
Finland,2007,
Finland,2008,
Finland,2009,
Finland,2010,0.655351455124569
Finland,2011,
Finland,2012,
Finland,2013,0.420633163604162
Finland,2014,0.396982929734021
Finland,2015,0.351895838831706
Finland,2016,0.351648351648352
Finland,2017,
Finland,2018,
Finland,2019,
Finland,2020,
Finland,2021,
Finland,2022,
Georgia,1960,
Georgia,1961,
Georgia,1962,
Georgia,1963,
Georgia,1964,
Georgia,1965,
Georgia,1966,
Georgia,1967,
Georgia,1968,
Georgia,1969,
Georgia,1970,
Georgia,1971,
Georgia,1972,
Georgia,1973,
Georgia,1974,
Georgia,1975,
Georgia,1976,
Georgia,1977,
Georgia,1978,
Georgia,1979,
Georgia,1980,
Georgia,1981,
Georgia,1982,
Georgia,1983,
Georgia,1984,
Georgia,1985,
Georgia,1986,
Georgia,1987,
Georgia,1988,
Georgia,1989,
Georgia,1990,
Georgia,1991,
Georgia,1992,
Georgia,1993,
Georgia,1994,
Georgia,1995,
Georgia,1996,
Georgia,1997,
Georgia,1998,
Georgia,1999,
Georgia,2000,
Georgia,2001,
Georgia,2002,
Georgia,2003,
Georgia,2004,
Georgia,2005,
Georgia,2006,3.9714058776807
Georgia,2007,4.17163289630513
Georgia,2008,4.01750198886237
Georgia,2009,
Georgia,2010,
Georgia,2011,
Georgia,2012,
Georgia,2013,
Georgia,2014,
Georgia,2015,
Georgia,2016,
Georgia,2017,
Georgia,2018,
Georgia,2019,
Georgia,2020,
Georgia,2021,
Georgia,2022,
Ghana,1960,
Ghana,1961,
Ghana,1962,
Ghana,1963,
Ghana,1964,
Ghana,1965,
Ghana,1966,
Ghana,1967,
Ghana,1968,
Ghana,1969,
Ghana,1970,
Ghana,1971,
Ghana,1972,
Ghana,1973,
Ghana,1974,
Ghana,1975,
Ghana,1976,
Ghana,1977,
Ghana,1978,
Ghana,1979,
Ghana,1980,
Ghana,1981,
Ghana,1982,
Ghana,1983,
Ghana,1984,
Ghana,1985,
Ghana,1986,
Ghana,1987,
Ghana,1988,
Ghana,1989,
Ghana,1990,
Ghana,1991,
Ghana,1992,
Ghana,1993,
Ghana,1994,
Ghana,1995,
Ghana,1996,
Ghana,1997,
Ghana,1998,
Ghana,1999,
Ghana,2000,
Ghana,2001,
Ghana,2002,
Ghana,2003,
Ghana,2004,
Ghana,2005,0.0907622241286323
Ghana,2006,0.149454586658722
Ghana,2007,0.0881957805214327
Ghana,2008,
Ghana,2009,0.243695094124509
Ghana,2010,0.241926938387176
Ghana,2011,0.243746962151142
Ghana,2012,0.242908323872324
Ghana,2013,0.224663636612152
Ghana,2014,0.29091720602986
Ghana,2015,
Ghana,2016,
Ghana,2017,
Ghana,2018,
Ghana,2019,
Ghana,2020,
Ghana,2021,
Ghana,2022,
Greece,1960,
Greece,1961,
Greece,1962,
Greece,1963,
Greece,1964,
Greece,1965,
Greece,1966,
Greece,1967,
Greece,1968,
Greece,1969,
Greece,1970,
Greece,1971,
Greece,1972,
Greece,1973,
Greece,1974,
Greece,1975,
Greece,1976,
Greece,1977,
Greece,1978,
Greece,1979,
Greece,1980,
Greece,1981,
Greece,1982,
Greece,1983,
Greece,1984,
Greece,1985,
Greece,1986,
Greece,1987,
Greece,1988,
Greece,1989,
Greece,1990,
Greece,1991,
Greece,1992,
Greece,1993,
Greece,1994,
Greece,1995,
Greece,1996,
Greece,1997,
Greece,1998,
Greece,1999,
Greece,2000,
Greece,2001,
Greece,2002,
Greece,2003,15.8870576829859
Greece,2004,
Greece,2005,16.6146158650843
Greece,2006,18.64428335241
Greece,2007,18.6766413001419
Greece,2008,18.6234817813765
Greece,2009,18.2275132275132
Greece,2010,18.3202029643477
Greece,2011,18.6587344510546
Greece,2012,18.9070438006316
Greece,2013,19.1947434642807
Greece,2014,20.2386711820674
Greece,2015,19.9064365220197
Greece,2016,19.6870925684485
Greece,2017,20.4361107139147
Greece,2018,20.6583539411811
Greece,2019,20.2026507417182
Greece,2020,16.362182360613
Greece,2021,
Greece,2022,
Hungary,1960,
Hungary,1961,
Hungary,1962,
Hungary,1963,
Hungary,1964,
Hungary,1965,
Hungary,1966,
Hungary,1967,
Hungary,1968,
Hungary,1969,
Hungary,1970,
Hungary,1971,
Hungary,1972,
Hungary,1973,
Hungary,1974,
Hungary,1975,
Hungary,1976,
Hungary,1977,
Hungary,1978,
Hungary,1979,
Hungary,1980,
Hungary,1981,
Hungary,1982,
Hungary,1983,
Hungary,1984,
Hungary,1985,
Hungary,1986,
Hungary,1987,
Hungary,1988,
Hungary,1989,
Hungary,1990,
Hungary,1991,
Hungary,1992,
Hungary,1993,
Hungary,1994,
Hungary,1995,
Hungary,1996,
Hungary,1997,
Hungary,1998,
Hungary,1999,
Hungary,2000,
Hungary,2001,
Hungary,2002,
Hungary,2003,2.54049445865303
Hungary,2004,2.0450204638472
Hungary,2005,1.28091420774348
Hungary,2006,1.34136684455156
Hungary,2007,2.08179783020493
Hungary,2008,1.38238341968912
Hungary,2009,1.84610063980633
Hungary,2010,0.840351862249673
Hungary,2011,1.89432265317594
Hungary,2012,2.33795428999625
Hungary,2013,2.25984401750048
Hungary,2014,1.88677811550152
Hungary,2015,2.36132218844985
Hungary,2016,1.84967815221507
Hungary,2017,1.91212521214407
Hungary,2018,1.82871978851964
Hungary,2019,1.91544145509663
Hungary,2020,2.27491250891914
Hungary,2021,2.19097586635305
Hungary,2022,
Iceland,1960,
Iceland,1961,
Iceland,1962,
Iceland,1963,
Iceland,1964,
Iceland,1965,
Iceland,1966,
Iceland,1967,
Iceland,1968,
Iceland,1969,
Iceland,1970,
Iceland,1971,
Iceland,1972,
Iceland,1973,
Iceland,1974,
Iceland,1975,
Iceland,1976,
Iceland,1977,
Iceland,1978,
Iceland,1979,
Iceland,1980,
Iceland,1981,
Iceland,1982,
Iceland,1983,
Iceland,1984,
Iceland,1985,
Iceland,1986,
Iceland,1987,
Iceland,1988,
Iceland,1989,
Iceland,1990,
Iceland,1991,
Iceland,1992,
Iceland,1993,
Iceland,1994,
Iceland,1995,
Iceland,1996,
Iceland,1997,
Iceland,1998,
Iceland,1999,
Iceland,2000,
Iceland,2001,
Iceland,2002,
Iceland,2003,
Iceland,2004,
Iceland,2005,
Iceland,2006,
Iceland,2007,
Iceland,2008,
Iceland,2009,
Iceland,2010,
Iceland,2011,
Iceland,2012,
Iceland,2013,
Iceland,2014,
Iceland,2015,
Iceland,2016,
Iceland,2017,
Iceland,2018,0.0026709401709401
Iceland,2019,0.0026709401709401
Iceland,2020,0.0026709401709401
Iceland,2021,0.0026709401709401
Iceland,2022,
India,1960,
India,1961,
India,1962,
India,1963,
India,1964,
India,1965,
India,1966,
India,1967,
India,1968,
India,1969,
India,1970,
India,1971,
India,1972,
India,1973,
India,1974,
India,1975,
India,1976,
India,1977,
India,1978,
India,1979,
India,1980,
India,1981,
India,1982,
India,1983,
India,1984,
India,1985,
India,1986,
India,1987,
India,1988,
India,1989,
India,1990,
India,1991,
India,1992,
India,1993,
India,1994,
India,1995,
India,1996,
India,1997,
India,1998,
India,1999,
India,2000,
India,2001,32.2073057893366
India,2002,31.5330084182543
India,2003,30.7335963028921
India,2004,31.6329868329868
India,2005,32.8692137725814
India,2006,33.8165486420686
India,2007,34.9320788330921
India,2008,34.6501109831606
India,2009,35.3416487104871
India,2010,34.4923791438579
India,2011,35.3987866644404
India,2012,36.3294775163937
India,2013,36.7856069627931
India,2014,37.899492566545
India,2015,38.0592736886044
India,2016,37.4767510496831
India,2017,38.3010121136423
India,2018,38.7893080022906
India,2019,39.9642159909513
India,2020,42.2658230981323
India,2021,42.2657783530901
India,2022,
Iran,1960,
Iran,1961,
Iran,1962,
Iran,1963,
Iran,1964,
Iran,1965,
Iran,1966,
Iran,1967,
Iran,1968,
Iran,1969,
Iran,1970,
Iran,1971,
Iran,1972,
Iran,1973,
Iran,1974,
Iran,1975,
Iran,1976,
Iran,1977,
Iran,1978,
Iran,1979,
Iran,1980,
Iran,1981,
Iran,1982,
Iran,1983,
Iran,1984,
Iran,1985,
Iran,1986,
Iran,1987,
Iran,1988,
Iran,1989,
Iran,1990,
Iran,1991,
Iran,1992,
Iran,1993,
Iran,1994,
Iran,1995,
Iran,1996,
Iran,1997,
Iran,1998,
Iran,1999,
Iran,2000,
Iran,2001,
Iran,2002,
Iran,2003,
Iran,2004,
Iran,2005,
Iran,2006,
Iran,2007,
Iran,2008,17.4702795330406
Iran,2009,16.9801782967986
Iran,2010,16.9013781870845
Iran,2011,16.8220793833499
Iran,2012,16.7422771365183
Iran,2013,16.7145406275841
Iran,2014,16.5804935370153
Iran,2015,16.5804935370153
Iran,2016,16.5804935370153
Iran,2017,
Iran,2018,16.9926889054673
Iran,2019,16.9661689192113
Iran,2020,16.9519786104974
Iran,2021,
Iran,2022,
Israel,1960,
Israel,1961,
Israel,1962,
Israel,1963,
Israel,1964,
Israel,1965,
Israel,1966,
Israel,1967,
Israel,1968,
Israel,1969,
Israel,1970,
Israel,1971,
Israel,1972,
Israel,1973,
Israel,1974,
Israel,1975,
Israel,1976,
Israel,1977,
Israel,1978,
Israel,1979,
Israel,1980,
Israel,1981,
Israel,1982,
Israel,1983,
Israel,1984,
Israel,1985,
Israel,1986,
Israel,1987,
Israel,1988,
Israel,1989,
Israel,1990,
Israel,1991,
Israel,1992,
Israel,1993,
Israel,1994,
Israel,1995,
Israel,1996,
Israel,1997,
Israel,1998,
Israel,1999,
Israel,2000,
Israel,2001,31.5508021390374
Israel,2002,30.9058614564831
Israel,2003,
Israel,2004,
Israel,2005,
Israel,2006,35.6721698113208
Israel,2007,30.0135109052306
Israel,2008,
Israel,2009,28.3773440489858
Israel,2010,32.5867195242815
Israel,2011,
Israel,2012,
Israel,2013,31.8854507015184
Israel,2014,38.4787055979171
Israel,2015,38.73384528938
Israel,2016,55.4347826086957
Israel,2017,37.2049689440994
Israel,2018,34.0714174333385
Israel,2019,33.5996240601504
Israel,2020,33.4003712871287
Israel,2021,31.2975912975913
Israel,2022,
Japan,1960,
Japan,1961,
Japan,1962,
Japan,1963,
Japan,1964,
Japan,1965,
Japan,1966,
Japan,1967,
Japan,1968,
Japan,1969,
Japan,1970,
Japan,1971,
Japan,1972,
Japan,1973,
Japan,1974,
Japan,1975,
Japan,1976,
Japan,1977,
Japan,1978,
Japan,1979,
Japan,1980,
Japan,1981,
Japan,1982,
Japan,1983,
Japan,1984,
Japan,1985,
Japan,1986,
Japan,1987,
Japan,1988,
Japan,1989,
Japan,1990,
Japan,1991,
Japan,1992,
Japan,1993,
Japan,1994,
Japan,1995,
Japan,1996,
Japan,1997,
Japan,1998,
Japan,1999,
Japan,2000,
Japan,2001,32.6107807404566
Japan,2002,32.5217391304348
Japan,2003,32.295719844358
Japan,2004,33.2093933463796
Japan,2005,33.503937007874
Japan,2006,33.3240986266672
Japan,2007,33.2020370812445
Japan,2008,32.4851976316211
Japan,2009,32.5855345153379
Japan,2010,32.8083989501312
Japan,2011,31.9983736531815
Japan,2012,32.1916411824669
Japan,2013,32.6451349141455
Japan,2014,32.299794661191
Japan,2015,
Japan,2016,
Japan,2017,
Japan,2018,
Japan,2019,
Japan,2020,
Japan,2021,
Japan,2022,
Jordan,1960,
Jordan,1961,
Jordan,1962,
Jordan,1963,
Jordan,1964,
Jordan,1965,
Jordan,1966,
Jordan,1967,
Jordan,1968,
Jordan,1969,
Jordan,1970,
Jordan,1971,
Jordan,1972,
Jordan,1973,
Jordan,1974,
Jordan,1975,
Jordan,1976,
Jordan,1977,
Jordan,1978,
Jordan,1979,
Jordan,1980,
Jordan,1981,
Jordan,1982,
Jordan,1983,
Jordan,1984,
Jordan,1985,
Jordan,1986,
Jordan,1987,
Jordan,1988,
Jordan,1989,
Jordan,1990,
Jordan,1991,
Jordan,1992,
Jordan,1993,
Jordan,1994,
Jordan,1995,
Jordan,1996,
Jordan,1997,
Jordan,1998,
Jordan,1999,
Jordan,2000,
Jordan,2001,7.14285714285714
Jordan,2002,7.31707317073171
Jordan,2003,7.06467661691542
Jordan,2004,7.32883317261331
Jordan,2005,7.89733464955577
Jordan,2006,8.25147347740668
Jordan,2007,7.47430706944877
Jordan,2008,9.54241645244216
Jordan,2009,9.24878048780488
Jordan,2010,9.61787887857927
Jordan,2011,9.60502692998205
Jordan,2012,9.15877117427505
Jordan,2013,9.78610637895135
Jordan,2014,9.86842105263158
Jordan,2015,9.79835274069866
Jordan,2016,10.0003752486022
Jordan,2017,8.58987090367428
Jordan,2018,8.25993345077315
Jordan,2019,7.72407139411481
Jordan,2020,8.09718172983479
Jordan,2021,8.75855327468231
Jordan,2022,
Kazakhstan,1960,
Kazakhstan,1961,
Kazakhstan,1962,
Kazakhstan,1963,
Kazakhstan,1964,
Kazakhstan,1965,
Kazakhstan,1966,
Kazakhstan,1967,
Kazakhstan,1968,
Kazakhstan,1969,
Kazakhstan,1970,
Kazakhstan,1971,
Kazakhstan,1972,
Kazakhstan,1973,
Kazakhstan,1974,
Kazakhstan,1975,
Kazakhstan,1976,
Kazakhstan,1977,
Kazakhstan,1978,
Kazakhstan,1979,
Kazakhstan,1980,
Kazakhstan,1981,
Kazakhstan,1982,
Kazakhstan,1983,
Kazakhstan,1984,
Kazakhstan,1985,
Kazakhstan,1986,
Kazakhstan,1987,
Kazakhstan,1988,
Kazakhstan,1989,
Kazakhstan,1990,
Kazakhstan,1991,
Kazakhstan,1992,
Kazakhstan,1993,
Kazakhstan,1994,
Kazakhstan,1995,
Kazakhstan,1996,
Kazakhstan,1997,
Kazakhstan,1998,
Kazakhstan,1999,
Kazakhstan,2000,
Kazakhstan,2001,
Kazakhstan,2002,
Kazakhstan,2003,
Kazakhstan,2004,
Kazakhstan,2005,
Kazakhstan,2006,
Kazakhstan,2007,
Kazakhstan,2008,
Kazakhstan,2009,
Kazakhstan,2010,0.582514972706986
Kazakhstan,2011,
Kazakhstan,2012,
Kazakhstan,2013,
Kazakhstan,2014,0.785011397633019
Kazakhstan,2015,0.79635734258394
Kazakhstan,2016,0.809324363757104
Kazakhstan,2017,0.821132055924301
Kazakhstan,2018,0.817687414279373
Kazakhstan,2019,0.83159519624553
Kazakhstan,2020,0.845735017046474
Kazakhstan,2021,0.854085602202849
Kazakhstan,2022,
Kyrgyzstan,1960,
Kyrgyzstan,1961,
Kyrgyzstan,1962,
Kyrgyzstan,1963,
Kyrgyzstan,1964,
Kyrgyzstan,1965,
Kyrgyzstan,1966,
Kyrgyzstan,1967,
Kyrgyzstan,1968,
Kyrgyzstan,1969,
Kyrgyzstan,1970,
Kyrgyzstan,1971,
Kyrgyzstan,1972,
Kyrgyzstan,1973,
Kyrgyzstan,1974,
Kyrgyzstan,1975,
Kyrgyzstan,1976,
Kyrgyzstan,1977,
Kyrgyzstan,1978,
Kyrgyzstan,1979,
Kyrgyzstan,1980,
Kyrgyzstan,1981,
Kyrgyzstan,1982,
Kyrgyzstan,1983,
Kyrgyzstan,1984,
Kyrgyzstan,1985,
Kyrgyzstan,1986,
Kyrgyzstan,1987,
Kyrgyzstan,1988,
Kyrgyzstan,1989,
Kyrgyzstan,1990,
Kyrgyzstan,1991,
Kyrgyzstan,1992,
Kyrgyzstan,1993,
Kyrgyzstan,1994,
Kyrgyzstan,1995,
Kyrgyzstan,1996,
Kyrgyzstan,1997,
Kyrgyzstan,1998,
Kyrgyzstan,1999,
Kyrgyzstan,2000,
Kyrgyzstan,2001,9.53043801039347
Kyrgyzstan,2002,9.53043801039347
Kyrgyzstan,2003,9.47416974169742
Kyrgyzstan,2004,9.49860724233983
Kyrgyzstan,2005,9.31596091205212
Kyrgyzstan,2006,9.30845859231579
Kyrgyzstan,2007,9.31342393229312
Kyrgyzstan,2008,9.30531732418525
Kyrgyzstan,2009,9.39504393772428
Kyrgyzstan,2010,9.40453641666431
Kyrgyzstan,2011,9.42263279445728
Kyrgyzstan,2012,9.43982325115897
Kyrgyzstan,2013,9.50012788087186
Kyrgyzstan,2014,9.50166238834528
Kyrgyzstan,2015,9.50341979121275
Kyrgyzstan,2016,9.5208279970781
Kyrgyzstan,2017,9.52362880807583
Kyrgyzstan,2018,9.68006325452231
Kyrgyzstan,2019,9.68519733034991
Kyrgyzstan,2020,9.68672235189722
Kyrgyzstan,2021,9.68831093661068
Kyrgyzstan,2022,
Laos,1960,
Laos,1961,
Laos,1962,
Laos,1963,
Laos,1964,
Laos,1965,
Laos,1966,
Laos,1967,
Laos,1968,
Laos,1969,
Laos,1970,
Laos,1971,
Laos,1972,
Laos,1973,
Laos,1974,
Laos,1975,
Laos,1976,
Laos,1977,
Laos,1978,
Laos,1979,
Laos,1980,
Laos,1981,
Laos,1982,
Laos,1983,
Laos,1984,
Laos,1985,
Laos,1986,
Laos,1987,
Laos,1988,
Laos,1989,
Laos,1990,
Laos,1991,
Laos,1992,
Laos,1993,
Laos,1994,
Laos,1995,
Laos,1996,
Laos,1997,
Laos,1998,
Laos,1999,
Laos,2000,
Laos,2001,
Laos,2002,15.9168443496802
Laos,2003,
Laos,2004,
Laos,2005,
Laos,2006,
Laos,2007,13.1221522055259
Laos,2008,
Laos,2009,
Laos,2010,
Laos,2011,11.4210410718208
Laos,2012,11.6155596489327
Laos,2013,12.1627408993576
Laos,2014,11.6916488222698
Laos,2015,
Laos,2016,
Laos,2017,19.4342379034043
Laos,2018,20.0849825911673
Laos,2019,20.9327384060379
Laos,2020,21.712949286066
Laos,2021,21.712949286066
Laos,2022,
Lesotho,1960,
Lesotho,1961,
Lesotho,1962,
Lesotho,1963,
Lesotho,1964,
Lesotho,1965,
Lesotho,1966,
Lesotho,1967,
Lesotho,1968,
Lesotho,1969,
Lesotho,1970,
Lesotho,1971,
Lesotho,1972,
Lesotho,1973,
Lesotho,1974,
Lesotho,1975,
Lesotho,1976,
Lesotho,1977,
Lesotho,1978,
Lesotho,1979,
Lesotho,1980,
Lesotho,1981,
Lesotho,1982,
Lesotho,1983,
Lesotho,1984,
Lesotho,1985,
Lesotho,1986,
Lesotho,1987,
Lesotho,1988,
Lesotho,1989,
Lesotho,1990,
Lesotho,1991,
Lesotho,1992,
Lesotho,1993,
Lesotho,1994,
Lesotho,1995,
Lesotho,1996,
Lesotho,1997,
Lesotho,1998,
Lesotho,1999,
Lesotho,2000,
Lesotho,2001,
Lesotho,2002,
Lesotho,2003,
Lesotho,2004,
Lesotho,2005,
Lesotho,2006,
Lesotho,2007,
Lesotho,2008,0.0338696020321761
Lesotho,2009,0.0342026507054297
Lesotho,2010,0.0343938091143594
Lesotho,2011,0.0389273356401384
Lesotho,2012,0.048133724237518
Lesotho,2013,0.0532836019714933
Lesotho,2014,
Lesotho,2015,
Lesotho,2016,
Lesotho,2017,
Lesotho,2018,
Lesotho,2019,
Lesotho,2020,
Lesotho,2021,
Lesotho,2022,
Lithuania,1960,
Lithuania,1961,
Lithuania,1962,
Lithuania,1963,
Lithuania,1964,
Lithuania,1965,
Lithuania,1966,
Lithuania,1967,
Lithuania,1968,
Lithuania,1969,
Lithuania,1970,
Lithuania,1971,
Lithuania,1972,
Lithuania,1973,
Lithuania,1974,
Lithuania,1975,
Lithuania,1976,
Lithuania,1977,
Lithuania,1978,
Lithuania,1979,
Lithuania,1980,
Lithuania,1981,
Lithuania,1982,
Lithuania,1983,
Lithuania,1984,
Lithuania,1985,
Lithuania,1986,
Lithuania,1987,
Lithuania,1988,
Lithuania,1989,
Lithuania,1990,
Lithuania,1991,
Lithuania,1992,
Lithuania,1993,
Lithuania,1994,
Lithuania,1995,
Lithuania,1996,
Lithuania,1997,
Lithuania,1998,
Lithuania,1999,
Lithuania,2000,
Lithuania,2001,
Lithuania,2002,
Lithuania,2003,
Lithuania,2004,
Lithuania,2005,0.0081071554458935
Lithuania,2006,
Lithuania,2007,0.0370933639971809
Lithuania,2008,0.047902398862318
Lithuania,2009,0.0483451097062105
Lithuania,2010,0.0541066984092631
Lithuania,2011,
Lithuania,2012,
Lithuania,2013,0.0553365151829564
Lithuania,2014,
Lithuania,2015,
Lithuania,2016,0.0710924540438065
Lithuania,2017,
Lithuania,2018,
Lithuania,2019,
Lithuania,2020,0.207183634633682
Lithuania,2021,
Lithuania,2022,
Madagascar,1960,
Madagascar,1961,
Madagascar,1962,
Madagascar,1963,
Madagascar,1964,
Madagascar,1965,
Madagascar,1966,
Madagascar,1967,
Madagascar,1968,
Madagascar,1969,
Madagascar,1970,
Madagascar,1971,
Madagascar,1972,
Madagascar,1973,
Madagascar,1974,
Madagascar,1975,
Madagascar,1976,
Madagascar,1977,
Madagascar,1978,
Madagascar,1979,
Madagascar,1980,
Madagascar,1981,
Madagascar,1982,
Madagascar,1983,
Madagascar,1984,
Madagascar,1985,
Madagascar,1986,
Madagascar,1987,
Madagascar,1988,
Madagascar,1989,
Madagascar,1990,
Madagascar,1991,
Madagascar,1992,
Madagascar,1993,
Madagascar,1994,
Madagascar,1995,
Madagascar,1996,
Madagascar,1997,
Madagascar,1998,
Madagascar,1999,
Madagascar,2000,
Madagascar,2001,2.17907597385109
Madagascar,2002,2.17907597385109
Madagascar,2003,2.17907597385109
Madagascar,2004,2.17907597385109
Madagascar,2005,2.17641161078913
Madagascar,2006,2.17641161078913
Madagascar,2007,2.17641161078913
Madagascar,2008,
Madagascar,2009,
Madagascar,2010,
Madagascar,2011,
Madagascar,2012,
Madagascar,2013,
Madagascar,2014,
Madagascar,2015,
Madagascar,2016,
Madagascar,2017,
Madagascar,2018,
Madagascar,2019,
Madagascar,2020,
Madagascar,2021,
Madagascar,2022,
Malawi,1960,
Malawi,1961,
Malawi,1962,
Malawi,1963,
Malawi,1964,
Malawi,1965,
Malawi,1966,
Malawi,1967,
Malawi,1968,
Malawi,1969,
Malawi,1970,
Malawi,1971,
Malawi,1972,
Malawi,1973,
Malawi,1974,
Malawi,1975,
Malawi,1976,
Malawi,1977,
Malawi,1978,
Malawi,1979,
Malawi,1980,
Malawi,1981,
Malawi,1982,
Malawi,1983,
Malawi,1984,
Malawi,1985,
Malawi,1986,
Malawi,1987,
Malawi,1988,
Malawi,1989,
Malawi,1990,
Malawi,1991,
Malawi,1992,
Malawi,1993,
Malawi,1994,
Malawi,1995,
Malawi,1996,
Malawi,1997,
Malawi,1998,
Malawi,1999,
Malawi,2000,
Malawi,2001,
Malawi,2002,
Malawi,2003,
Malawi,2004,
Malawi,2005,0.579150579150579
Malawi,2006,0.529801324503311
Malawi,2007,0.700094607379376
Malawi,2008,0.533578656853726
Malawi,2009,
Malawi,2010,
Malawi,2011,
Malawi,2012,
Malawi,2013,
Malawi,2014,
Malawi,2015,
Malawi,2016,
Malawi,2017,
Malawi,2018,
Malawi,2019,
Malawi,2020,
Malawi,2021,
Malawi,2022,
Malaysia,1960,
Malaysia,1961,
Malaysia,1962,
Malaysia,1963,
Malaysia,1964,
Malaysia,1965,
Malaysia,1966,
Malaysia,1967,
Malaysia,1968,
Malaysia,1969,
Malaysia,1970,
Malaysia,1971,
Malaysia,1972,
Malaysia,1973,
Malaysia,1974,
Malaysia,1975,
Malaysia,1976,
Malaysia,1977,
Malaysia,1978,
Malaysia,1979,
Malaysia,1980,
Malaysia,1981,
Malaysia,1982,
Malaysia,1983,
Malaysia,1984,
Malaysia,1985,
Malaysia,1986,
Malaysia,1987,
Malaysia,1988,
Malaysia,1989,
Malaysia,1990,
Malaysia,1991,
Malaysia,1992,
Malaysia,1993,
Malaysia,1994,
Malaysia,1995,
Malaysia,1996,
Malaysia,1997,
Malaysia,1998,
Malaysia,1999,
Malaysia,2000,
Malaysia,2001,
Malaysia,2002,
Malaysia,2003,
Malaysia,2004,
Malaysia,2005,
Malaysia,2006,
Malaysia,2007,
Malaysia,2008,
Malaysia,2009,
Malaysia,2010,
Malaysia,2011,
Malaysia,2012,
Malaysia,2013,5.5091633268398
Malaysia,2014,5.47657312399555
Malaysia,2015,5.15754430878988
Malaysia,2016,5.15692451289231
Malaysia,2017,5.15692451289231
Malaysia,2018,5.15692451289231
Malaysia,2019,5.15692451289231
Malaysia,2020,5.15692451289231
Malaysia,2021,5.15692451289231
Malaysia,2022,
Mauritius,1960,
Mauritius,1961,
Mauritius,1962,
Mauritius,1963,
Mauritius,1964,
Mauritius,1965,
Mauritius,1966,
Mauritius,1967,
Mauritius,1968,
Mauritius,1969,
Mauritius,1970,
Mauritius,1971,
Mauritius,1972,
Mauritius,1973,
Mauritius,1974,
Mauritius,1975,
Mauritius,1976,
Mauritius,1977,
Mauritius,1978,
Mauritius,1979,
Mauritius,1980,
Mauritius,1981,
Mauritius,1982,
Mauritius,1983,
Mauritius,1984,
Mauritius,1985,
Mauritius,1986,
Mauritius,1987,
Mauritius,1988,
Mauritius,1989,
Mauritius,1990,
Mauritius,1991,
Mauritius,1992,
Mauritius,1993,
Mauritius,1994,
Mauritius,1995,
Mauritius,1996,
Mauritius,1997,
Mauritius,1998,
Mauritius,1999,
Mauritius,2000,
Mauritius,2001,
Mauritius,2002,21.0
Mauritius,2003,22.2222222222222
Mauritius,2004,21.4285714285714
Mauritius,2005,21.875
Mauritius,2006,22.3404255319149
Mauritius,2007,22.8260869565217
Mauritius,2008,23.0769230769231
Mauritius,2009,23.0769230769231
Mauritius,2010,21.978021978022
Mauritius,2011,22.4719101123595
Mauritius,2012,21.8390804597701
Mauritius,2013,22.093023255814
Mauritius,2014,19.7674418604651
Mauritius,2015,19.3023255813953
Mauritius,2016,19.5348837209302
Mauritius,2017,19.1860465116279
Mauritius,2018,20.2325581395349
Mauritius,2019,18.1395348837209
Mauritius,2020,18.3720930232558
Mauritius,2021,17.7906976744186
Mauritius,2022,
Mexico,1960,
Mexico,1961,
Mexico,1962,
Mexico,1963,
Mexico,1964,
Mexico,1965,
Mexico,1966,
Mexico,1967,
Mexico,1968,
Mexico,1969,
Mexico,1970,
Mexico,1971,
Mexico,1972,
Mexico,1973,
Mexico,1974,
Mexico,1975,
Mexico,1976,
Mexico,1977,
Mexico,1978,
Mexico,1979,
Mexico,1980,
Mexico,1981,
Mexico,1982,
Mexico,1983,
Mexico,1984,
Mexico,1985,
Mexico,1986,
Mexico,1987,
Mexico,1988,
Mexico,1989,
Mexico,1990,
Mexico,1991,
Mexico,1992,
Mexico,1993,
Mexico,1994,
Mexico,1995,
Mexico,1996,
Mexico,1997,
Mexico,1998,
Mexico,1999,
Mexico,2000,
Mexico,2001,
Mexico,2002,
Mexico,2003,1.90708587517597
Mexico,2004,1.95270714084639
Mexico,2005,5.05489349723187
Mexico,2006,5.06709205217228
Mexico,2007,4.97750702905342
Mexico,2008,5.43079676841952
Mexico,2009,5.4790518299215
Mexico,2010,5.80903081320538
Mexico,2011,6.38459564556562
Mexico,2012,5.69185768863419
Mexico,2013,5.82393502603381
Mexico,2014,5.94341151213189
Mexico,2015,
Mexico,2016,
Mexico,2017,
Mexico,2018,
Mexico,2019,6.28056520924812
Mexico,2020,6.24060614795446
Mexico,2021,6.16312830755925
Mexico,2022,
Moldova,1960,
Moldova,1961,
Moldova,1962,
Moldova,1963,
Moldova,1964,
Moldova,1965,
Moldova,1966,
Moldova,1967,
Moldova,1968,
Moldova,1969,
Moldova,1970,
Moldova,1971,
Moldova,1972,
Moldova,1973,
Moldova,1974,
Moldova,1975,
Moldova,1976,
Moldova,1977,
Moldova,1978,
Moldova,1979,
Moldova,1980,
Moldova,1981,
Moldova,1982,
Moldova,1983,
Moldova,1984,
Moldova,1985,
Moldova,1986,
Moldova,1987,
Moldova,1988,
Moldova,1989,
Moldova,1990,
Moldova,1991,
Moldova,1992,
Moldova,1993,
Moldova,1994,
Moldova,1995,
Moldova,1996,
Moldova,1997,
Moldova,1998,
Moldova,1999,
Moldova,2000,
Moldova,2001,
Moldova,2002,
Moldova,2003,
Moldova,2004,
Moldova,2005,
Moldova,2006,
Moldova,2007,
Moldova,2008,
Moldova,2009,
Moldova,2010,
Moldova,2011,
Moldova,2012,
Moldova,2013,
Moldova,2014,9.84449244060475
Moldova,2015,9.83175150992235
Moldova,2016,9.83217567625868
Moldova,2017,9.83472144305873
Moldova,2018,9.84449071817819
Moldova,2019,9.81605942695437
Moldova,2020,9.51735405811181
Moldova,2021,9.40659340659341
Moldova,2022,
Mongolia,1960,
Mongolia,1961,
Mongolia,1962,
Mongolia,1963,
Mongolia,1964,
Mongolia,1965,
Mongolia,1966,
Mongolia,1967,
Mongolia,1968,
Mongolia,1969,
Mongolia,1970,
Mongolia,1971,
Mongolia,1972,
Mongolia,1973,
Mongolia,1974,
Mongolia,1975,
Mongolia,1976,
Mongolia,1977,
Mongolia,1978,
Mongolia,1979,
Mongolia,1980,
Mongolia,1981,
Mongolia,1982,
Mongolia,1983,
Mongolia,1984,
Mongolia,1985,
Mongolia,1986,
Mongolia,1987,
Mongolia,1988,
Mongolia,1989,
Mongolia,1990,
Mongolia,1991,
Mongolia,1992,
Mongolia,1993,
Mongolia,1994,
Mongolia,1995,
Mongolia,1996,
Mongolia,1997,
Mongolia,1998,
Mongolia,1999,
Mongolia,2000,
Mongolia,2001,
Mongolia,2002,
Mongolia,2003,
Mongolia,2004,
Mongolia,2005,
Mongolia,2006,
Mongolia,2007,
Mongolia,2008,
Mongolia,2009,
Mongolia,2010,
Mongolia,2011,
Mongolia,2012,
Mongolia,2013,
Mongolia,2014,
Mongolia,2015,0.0397661853873169
Mongolia,2016,0.0314369070521612
Mongolia,2017,0.0317272332204578
Mongolia,2018,0.032177585006127
Mongolia,2019,0.0417205078788253
Mongolia,2020,0.0534163638239082
Mongolia,2021,
Mongolia,2022,
Morocco,1960,
Morocco,1961,
Morocco,1962,
Morocco,1963,
Morocco,1964,
Morocco,1965,
Morocco,1966,
Morocco,1967,
Morocco,1968,
Morocco,1969,
Morocco,1970,
Morocco,1971,
Morocco,1972,
Morocco,1973,
Morocco,1974,
Morocco,1975,
Morocco,1976,
Morocco,1977,
Morocco,1978,
Morocco,1979,
Morocco,1980,
Morocco,1981,
Morocco,1982,
Morocco,1983,
Morocco,1984,
Morocco,1985,
Morocco,1986,
Morocco,1987,
Morocco,1988,
Morocco,1989,
Morocco,1990,
Morocco,1991,
Morocco,1992,
Morocco,1993,
Morocco,1994,
Morocco,1995,
Morocco,1996,
Morocco,1997,
Morocco,1998,
Morocco,1999,
Morocco,2000,
Morocco,2001,
Morocco,2002,
Morocco,2003,
Morocco,2004,4.29746013781166
Morocco,2005,4.3049118009937
Morocco,2006,3.87998397114807
Morocco,2007,4.08611481975968
Morocco,2008,4.39278209532704
Morocco,2009,4.5679374454214
Morocco,2010,4.54810709510042
Morocco,2011,4.6057308379673
Morocco,2012,
Morocco,2013,
Morocco,2014,
Morocco,2015,
Morocco,2016,5.41635627530364
Morocco,2017,5.7091693046894
Morocco,2018,5.58609306816299
Morocco,2019,5.95875166026963
Morocco,2020,
Morocco,2021,
Morocco,2022,
Myanmar,1960,
Myanmar,1961,
Myanmar,1962,
Myanmar,1963,
Myanmar,1964,
Myanmar,1965,
Myanmar,1966,
Myanmar,1967,
Myanmar,1968,
Myanmar,1969,
Myanmar,1970,
Myanmar,1971,
Myanmar,1972,
Myanmar,1973,
Myanmar,1974,
Myanmar,1975,
Myanmar,1976,
Myanmar,1977,
Myanmar,1978,
Myanmar,1979,
Myanmar,1980,
Myanmar,1981,
Myanmar,1982,
Myanmar,1983,
Myanmar,1984,
Myanmar,1985,
Myanmar,1986,
Myanmar,1987,
Myanmar,1988,
Myanmar,1989,
Myanmar,1990,
Myanmar,1991,
Myanmar,1992,
Myanmar,1993,
Myanmar,1994,
Myanmar,1995,
Myanmar,1996,
Myanmar,1997,
Myanmar,1998,
Myanmar,1999,
Myanmar,2000,
Myanmar,2001,
Myanmar,2002,
Myanmar,2003,
Myanmar,2004,
Myanmar,2005,
Myanmar,2006,
Myanmar,2007,
Myanmar,2008,
Myanmar,2009,
Myanmar,2010,
Myanmar,2011,
Myanmar,2012,
Myanmar,2013,
Myanmar,2014,
Myanmar,2015,
Myanmar,2016,11.0100235109718
Myanmar,2017,12.4793160507446
Myanmar,2018,12.6307253295388
Myanmar,2019,12.7432701049355
Myanmar,2020,13.2049306625578
Myanmar,2021,
Myanmar,2022,
Nepal,1960,
Nepal,1961,
Nepal,1962,
Nepal,1963,
Nepal,1964,
Nepal,1965,
Nepal,1966,
Nepal,1967,
Nepal,1968,
Nepal,1969,
Nepal,1970,
Nepal,1971,
Nepal,1972,
Nepal,1973,
Nepal,1974,
Nepal,1975,
Nepal,1976,
Nepal,1977,
Nepal,1978,
Nepal,1979,
Nepal,1980,
Nepal,1981,
Nepal,1982,
Nepal,1983,
Nepal,1984,
Nepal,1985,
Nepal,1986,
Nepal,1987,
Nepal,1988,
Nepal,1989,
Nepal,1990,
Nepal,1991,
Nepal,1992,
Nepal,1993,
Nepal,1994,
Nepal,1995,
Nepal,1996,
Nepal,1997,
Nepal,1998,
Nepal,1999,
Nepal,2000,
Nepal,2001,
Nepal,2002,
Nepal,2003,
Nepal,2004,
Nepal,2005,
Nepal,2006,24.6356033452808
Nepal,2007,25.4200672107537
Nepal,2008,25.8670520231214
Nepal,2009,26.4009661835749
Nepal,2010,29.738245273873
Nepal,2011,
Nepal,2012,
Nepal,2013,
Nepal,2014,
Nepal,2015,
Nepal,2016,
Nepal,2017,
Nepal,2018,
Nepal,2019,
Nepal,2020,
Nepal,2021,
Nepal,2022,
Niger,1960,
Niger,1961,
Niger,1962,
Niger,1963,
Niger,1964,
Niger,1965,
Niger,1966,
Niger,1967,
Niger,1968,
Niger,1969,
Niger,1970,
Niger,1971,
Niger,1972,
Niger,1973,
Niger,1974,
Niger,1975,
Niger,1976,
Niger,1977,
Niger,1978,
Niger,1979,
Niger,1980,
Niger,1981,
Niger,1982,
Niger,1983,
Niger,1984,
Niger,1985,
Niger,1986,
Niger,1987,
Niger,1988,
Niger,1989,
Niger,1990,
Niger,1991,
Niger,1992,
Niger,1993,
Niger,1994,
Niger,1995,
Niger,1996,
Niger,1997,
Niger,1998,
Niger,1999,
Niger,2000,
Niger,2001,
Niger,2002,0.172105263157895
Niger,2003,
Niger,2004,
Niger,2005,
Niger,2006,
Niger,2007,0.170161253483167
Niger,2008,
Niger,2009,0.196884564432872
Niger,2010,
Niger,2011,
Niger,2012,0.196217230137109
Niger,2013,
Niger,2014,
Niger,2015,
Niger,2016,
Niger,2017,0.340879922738491
Niger,2018,0.392463139821869
Niger,2019,0.443256143363022
Niger,2020,0.572164824551991
Niger,2021,
Niger,2022,
Norway,1960,
Norway,1961,
Norway,1962,
Norway,1963,
Norway,1964,
Norway,1965,
Norway,1966,
Norway,1967,
Norway,1968,
Norway,1969,
Norway,1970,
Norway,1971,
Norway,1972,
Norway,1973,
Norway,1974,
Norway,1975,
Norway,1976,
Norway,1977,
Norway,1978,
Norway,1979,
Norway,1980,
Norway,1981,
Norway,1982,
Norway,1983,
Norway,1984,
Norway,1985,
Norway,1986,
Norway,1987,
Norway,1988,
Norway,1989,
Norway,1990,
Norway,1991,
Norway,1992,
Norway,1993,
Norway,1994,
Norway,1995,
Norway,1996,
Norway,1997,
Norway,1998,
Norway,1999,
Norway,2000,
Norway,2001,
Norway,2002,
Norway,2003,
Norway,2004,4.23076923076923
Norway,2005,4.15057915057915
Norway,2006,5.41062801932367
Norway,2007,5.32945736434108
Norway,2008,
Norway,2009,
Norway,2010,4.33442688139974
Norway,2011,
Norway,2012,1.98025785656728
Norway,2013,1.97033296499757
Norway,2014,
Norway,2015,
Norway,2016,3.42597703883757
Norway,2017,
Norway,2018,
Norway,2019,
Norway,2020,
Norway,2021,
Norway,2022,
Oman,1960,
Oman,1961,
Oman,1962,
Oman,1963,
Oman,1964,
Oman,1965,
Oman,1966,
Oman,1967,
Oman,1968,
Oman,1969,
Oman,1970,
Oman,1971,
Oman,1972,
Oman,1973,
Oman,1974,
Oman,1975,
Oman,1976,
Oman,1977,
Oman,1978,
Oman,1979,
Oman,1980,
Oman,1981,
Oman,1982,
Oman,1983,
Oman,1984,
Oman,1985,
Oman,1986,
Oman,1987,
Oman,1988,
Oman,1989,
Oman,1990,
Oman,1991,
Oman,1992,
Oman,1993,
Oman,1994,
Oman,1995,
Oman,1996,
Oman,1997,
Oman,1998,
Oman,1999,
Oman,2000,
Oman,2001,
Oman,2002,
Oman,2003,
Oman,2004,
Oman,2005,
Oman,2006,
Oman,2007,
Oman,2008,
Oman,2009,
Oman,2010,
Oman,2011,
Oman,2012,
Oman,2013,4.77773864036633
Oman,2014,4.84293562473588
Oman,2015,5.77196652719665
Oman,2016,5.88718662952646
Oman,2017,6.95079618711775
Oman,2018,7.45878114104487
Oman,2019,7.55439989051594
Oman,2020,7.39788749288862
Oman,2021,7.92650489012563
Oman,2022,
Pakistan,1960,
Pakistan,1961,
Pakistan,1962,
Pakistan,1963,
Pakistan,1964,
Pakistan,1965,
Pakistan,1966,
Pakistan,1967,
Pakistan,1968,
Pakistan,1969,
Pakistan,1970,
Pakistan,1971,
Pakistan,1972,
Pakistan,1973,
Pakistan,1974,
Pakistan,1975,
Pakistan,1976,
Pakistan,1977,
Pakistan,1978,
Pakistan,1979,
Pakistan,1980,
Pakistan,1981,
Pakistan,1982,
Pakistan,1983,
Pakistan,1984,
Pakistan,1985,
Pakistan,1986,
Pakistan,1987,
Pakistan,1988,
Pakistan,1989,
Pakistan,1990,
Pakistan,1991,
Pakistan,1992,
Pakistan,1993,
Pakistan,1994,
Pakistan,1995,
Pakistan,1996,
Pakistan,1997,
Pakistan,1998,
Pakistan,1999,
Pakistan,2000,
Pakistan,2001,48.1986368062317
Pakistan,2002,48.9100965188157
Pakistan,2003,49.4544270126486
Pakistan,2004,52.1015397419892
Pakistan,2005,52.773529820659
Pakistan,2006,52.9403625294036
Pakistan,2007,53.0364035209508
Pakistan,2008,54.6257752102625
Pakistan,2009,55.0500325991439
Pakistan,2010,55.728959763918
Pakistan,2011,51.9534728406055
Pakistan,2012,51.4654909463994
Pakistan,2013,49.4487320837927
Pakistan,2014,51.2799293832064
Pakistan,2015,51.7374730677863
Pakistan,2016,50.5544382236234
Pakistan,2017,49.239250871551
Pakistan,2018,50.4153925256407
Pakistan,2019,50.4638934008755
Pakistan,2020,52.6645426571903
Pakistan,2021,
Pakistan,2022,
Panama,1960,
Panama,1961,
Panama,1962,
Panama,1963,
Panama,1964,
Panama,1965,
Panama,1966,
Panama,1967,
Panama,1968,
Panama,1969,
Panama,1970,
Panama,1971,
Panama,1972,
Panama,1973,
Panama,1974,
Panama,1975,
Panama,1976,
Panama,1977,
Panama,1978,
Panama,1979,
Panama,1980,
Panama,1981,
Panama,1982,
Panama,1983,
Panama,1984,
Panama,1985,
Panama,1986,
Panama,1987,
Panama,1988,
Panama,1989,
Panama,1990,
Panama,1991,
Panama,1992,
Panama,1993,
Panama,1994,
Panama,1995,
Panama,1996,
Panama,1997,
Panama,1998,
Panama,1999,
Panama,2000,
Panama,2001,
Panama,2002,
Panama,2003,
Panama,2004,
Panama,2005,
Panama,2006,
Panama,2007,1.43382023478806
Panama,2008,1.43549255338238
Panama,2009,1.43394873633268
Panama,2010,1.20014648846845
Panama,2011,0.892620415377817
Panama,2012,0.93652907234798
Panama,2013,1.10566205974142
Panama,2014,
Panama,2015,
Panama,2016,
Panama,2017,
Panama,2018,
Panama,2019,
Panama,2020,1.87507474357205
Panama,2021,1.89569049142811
Panama,2022,
Philippines,1960,
Philippines,1961,
Philippines,1962,
Philippines,1963,
Philippines,1964,
Philippines,1965,
Philippines,1966,
Philippines,1967,
Philippines,1968,
Philippines,1969,
Philippines,1970,
Philippines,1971,
Philippines,1972,
Philippines,1973,
Philippines,1974,
Philippines,1975,
Philippines,1976,
Philippines,1977,
Philippines,1978,
Philippines,1979,
Philippines,1980,
Philippines,1981,
Philippines,1982,
Philippines,1983,
Philippines,1984,
Philippines,1985,
Philippines,1986,
Philippines,1987,
Philippines,1988,
Philippines,1989,
Philippines,1990,
Philippines,1991,
Philippines,1992,
Philippines,1993,
Philippines,1994,
Philippines,1995,
Philippines,1996,
Philippines,1997,
Philippines,1998,
Philippines,1999,
Philippines,2000,
Philippines,2001,
Philippines,2002,
Philippines,2003,
Philippines,2004,
Philippines,2005,
Philippines,2006,8.33333333333333
Philippines,2007,8.2273112807464
Philippines,2008,9.06744379683597
Philippines,2009,9.39669421487603
Philippines,2010,9.10743801652893
Philippines,2011,9.26590538336052
Philippines,2012,
Philippines,2013,
Philippines,2014,
Philippines,2015,
Philippines,2016,
Philippines,2017,
Philippines,2018,
Philippines,2019,
Philippines,2020,
Philippines,2021,
Philippines,2022,
Qatar,1960,
Qatar,1961,
Qatar,1962,
Qatar,1963,
Qatar,1964,
Qatar,1965,
Qatar,1966,
Qatar,1967,
Qatar,1968,
Qatar,1969,
Qatar,1970,
Qatar,1971,
Qatar,1972,
Qatar,1973,
Qatar,1974,
Qatar,1975,
Qatar,1976,
Qatar,1977,
Qatar,1978,
Qatar,1979,
Qatar,1980,
Qatar,1981,
Qatar,1982,
Qatar,1983,
Qatar,1984,
Qatar,1985,
Qatar,1986,
Qatar,1987,
Qatar,1988,
Qatar,1989,
Qatar,1990,
Qatar,1991,
Qatar,1992,
Qatar,1993,
Qatar,1994,
Qatar,1995,
Qatar,1996,
Qatar,1997,
Qatar,1998,
Qatar,1999,
Qatar,2000,
Qatar,2001,
Qatar,2002,
Qatar,2003,
Qatar,2004,
Qatar,2005,
Qatar,2006,
Qatar,2007,
Qatar,2008,
Qatar,2009,
Qatar,2010,19.0895741556535
Qatar,2011,16.8604651162791
Qatar,2012,
Qatar,2013,
Qatar,2014,
Qatar,2015,15.4929577464789
Qatar,2016,15.4929577464789
Qatar,2017,15.2777777777778
Qatar,2018,14.8648648648649
Qatar,2019,16.2162162162162
Qatar,2020,17.5675675675676
Qatar,2021,17.5675675675676
Qatar,2022,
Romania,1960,
Romania,1961,
Romania,1962,
Romania,1963,
Romania,1964,
Romania,1965,
Romania,1966,
Romania,1967,
Romania,1968,
Romania,1969,
Romania,1970,
Romania,1971,
Romania,1972,
Romania,1973,
Romania,1974,
Romania,1975,
Romania,1976,
Romania,1977,
Romania,1978,
Romania,1979,
Romania,1980,
Romania,1981,
Romania,1982,
Romania,1983,
Romania,1984,
Romania,1985,
Romania,1986,
Romania,1987,
Romania,1988,
Romania,1989,
Romania,1990,
Romania,1991,
Romania,1992,
Romania,1993,
Romania,1994,
Romania,1995,
Romania,1996,
Romania,1997,
Romania,1998,
Romania,1999,
Romania,2000,
Romania,2001,2.2097580754156
Romania,2002,3.29329194223242
Romania,2003,3.84459459459459
Romania,2004,2.31422505307856
Romania,2005,0.324400564174894
Romania,2006,0.687370895362918
Romania,2007,2.34776228906823
Romania,2008,1.8849933988558
Romania,2009,2.17311504294839
Romania,2010,0.58844306301215
Romania,2011,0.740237448147618
Romania,2012,1.20803903007355
Romania,2013,1.30097087378641
Romania,2014,1.04844540853218
Romania,2015,1.24837638908933
Romania,2016,1.13157310849789
Romania,2017,1.58469128419794
Romania,2018,1.99045773072909
Romania,2019,2.07579921886301
Romania,2020,3.62479883515978
Romania,2021,2.63781634681551
Romania,2022,
Russia,1960,
Russia,1961,
Russia,1962,
Russia,1963,
Russia,1964,
Russia,1965,
Russia,1966,
Russia,1967,
Russia,1968,
Russia,1969,
Russia,1970,
Russia,1971,
Russia,1972,
Russia,1973,
Russia,1974,
Russia,1975,
Russia,1976,
Russia,1977,
Russia,1978,
Russia,1979,
Russia,1980,
Russia,1981,
Russia,1982,
Russia,1983,
Russia,1984,
Russia,1985,
Russia,1986,
Russia,1987,
Russia,1988,
Russia,1989,
Russia,1990,
Russia,1991,
Russia,1992,
Russia,1993,
Russia,1994,
Russia,1995,
Russia,1996,
Russia,1997,
Russia,1998,
Russia,1999,
Russia,2000,
Russia,2001,2.06906728272949
Russia,2002,2.05214838611407
Russia,2003,2.09962224369674
Russia,2004,2.09741642744699
Russia,2005,2.07436943620178
Russia,2006,2.05719111969112
Russia,2007,2.01937223560426
Russia,2008,1.97082053328631
Russia,2009,
Russia,2010,
Russia,2011,
Russia,2012,
Russia,2013,
Russia,2014,
Russia,2015,
Russia,2016,
Russia,2017,
Russia,2018,
Russia,2019,
Russia,2020,
Russia,2021,
Russia,2022,
Saudi Arabia,1960,
Saudi Arabia,1961,
Saudi Arabia,1962,
Saudi Arabia,1963,
Saudi Arabia,1964,
Saudi Arabia,1965,
Saudi Arabia,1966,
Saudi Arabia,1967,
Saudi Arabia,1968,
Saudi Arabia,1969,
Saudi Arabia,1970,
Saudi Arabia,1971,
Saudi Arabia,1972,
Saudi Arabia,1973,
Saudi Arabia,1974,
Saudi Arabia,1975,
Saudi Arabia,1976,
Saudi Arabia,1977,
Saudi Arabia,1978,
Saudi Arabia,1979,
Saudi Arabia,1980,
Saudi Arabia,1981,
Saudi Arabia,1982,
Saudi Arabia,1983,
Saudi Arabia,1984,
Saudi Arabia,1985,
Saudi Arabia,1986,
Saudi Arabia,1987,
Saudi Arabia,1988,
Saudi Arabia,1989,
Saudi Arabia,1990,
Saudi Arabia,1991,
Saudi Arabia,1992,
Saudi Arabia,1993,
Saudi Arabia,1994,
Saudi Arabia,1995,
Saudi Arabia,1996,
Saudi Arabia,1997,
Saudi Arabia,1998,
Saudi Arabia,1999,
Saudi Arabia,2000,
Saudi Arabia,2001,
Saudi Arabia,2002,0.685298026963111
Saudi Arabia,2003,
Saudi Arabia,2004,
Saudi Arabia,2005,
Saudi Arabia,2006,
Saudi Arabia,2007,0.685763638980855
Saudi Arabia,2008,
Saudi Arabia,2009,
Saudi Arabia,2010,
Saudi Arabia,2011,
Saudi Arabia,2012,0.687069139577144
Saudi Arabia,2013,
Saudi Arabia,2014,
Saudi Arabia,2015,
Saudi Arabia,2016,
Saudi Arabia,2017,0.686075320816539
Saudi Arabia,2018,0.521489151504503
Saudi Arabia,2019,0.409126129101775
Saudi Arabia,2020,0.404548513951807
Saudi Arabia,2021,0.383481170487857
Saudi Arabia,2022,
Senegal,1960,
Senegal,1961,
Senegal,1962,
Senegal,1963,
Senegal,1964,
Senegal,1965,
Senegal,1966,
Senegal,1967,
Senegal,1968,
Senegal,1969,
Senegal,1970,
Senegal,1971,
Senegal,1972,
Senegal,1973,
Senegal,1974,
Senegal,1975,
Senegal,1976,
Senegal,1977,
Senegal,1978,
Senegal,1979,
Senegal,1980,
Senegal,1981,
Senegal,1982,
Senegal,1983,
Senegal,1984,
Senegal,1985,
Senegal,1986,
Senegal,1987,
Senegal,1988,
Senegal,1989,
Senegal,1990,
Senegal,1991,
Senegal,1992,
Senegal,1993,
Senegal,1994,
Senegal,1995,
Senegal,1996,
Senegal,1997,
Senegal,1998,
Senegal,1999,
Senegal,2000,
Senegal,2001,
Senegal,2002,0.64
Senegal,2003,0.625579240037071
Senegal,2004,0.690687233797629
Senegal,2005,0.763445761166819
Senegal,2006,0.742049469964664
Senegal,2007,
Senegal,2008,
Senegal,2009,
Senegal,2010,
Senegal,2011,
Senegal,2012,
Senegal,2013,
Senegal,2014,
Senegal,2015,
Senegal,2016,
Senegal,2017,
Senegal,2018,
Senegal,2019,
Senegal,2020,
Senegal,2021,
Senegal,2022,
Serbia,1960,
Serbia,1961,
Serbia,1962,
Serbia,1963,
Serbia,1964,
Serbia,1965,
Serbia,1966,
Serbia,1967,
Serbia,1968,
Serbia,1969,
Serbia,1970,
Serbia,1971,
Serbia,1972,
Serbia,1973,
Serbia,1974,
Serbia,1975,
Serbia,1976,
Serbia,1977,
Serbia,1978,
Serbia,1979,
Serbia,1980,
Serbia,1981,
Serbia,1982,
Serbia,1983,
Serbia,1984,
Serbia,1985,
Serbia,1986,
Serbia,1987,
Serbia,1988,
Serbia,1989,
Serbia,1990,
Serbia,1991,
Serbia,1992,
Serbia,1993,
Serbia,1994,
Serbia,1995,
Serbia,1996,
Serbia,1997,
Serbia,1998,
Serbia,1999,
Serbia,2000,
Serbia,2001,
Serbia,2002,
Serbia,2003,
Serbia,2004,
Serbia,2005,
Serbia,2006,0.735651682216568
Serbia,2007,0.73217834252288
Serbia,2008,0.725385725385725
Serbia,2009,0.882319499715748
Serbia,2010,0.709904588823262
Serbia,2011,0.963664191372371
Serbia,2012,1.53064171431872
Serbia,2013,1.51810265811182
Serbia,2014,1.28336755646817
Serbia,2015,1.58000574547544
Serbia,2016,1.24421296296296
Serbia,2017,1.46241591108511
Serbia,2018,1.3568129330254
Serbia,2019,1.35838150289017
Serbia,2020,1.49339460080414
Serbia,2021,1.49210903873745
Serbia,2022,
Slovakia,1960,
Slovakia,1961,
Slovakia,1962,
Slovakia,1963,
Slovakia,1964,
Slovakia,1965,
Slovakia,1966,
Slovakia,1967,
Slovakia,1968,
Slovakia,1969,
Slovakia,1970,
Slovakia,1971,
Slovakia,1972,
Slovakia,1973,
Slovakia,1974,
Slovakia,1975,
Slovakia,1976,
Slovakia,1977,
Slovakia,1978,
Slovakia,1979,
Slovakia,1980,
Slovakia,1981,
Slovakia,1982,
Slovakia,1983,
Slovakia,1984,
Slovakia,1985,
Slovakia,1986,
Slovakia,1987,
Slovakia,1988,
Slovakia,1989,
Slovakia,1990,
Slovakia,1991,
Slovakia,1992,
Slovakia,1993,
Slovakia,1994,
Slovakia,1995,
Slovakia,1996,
Slovakia,1997,
Slovakia,1998,
Slovakia,1999,
Slovakia,2000,
Slovakia,2001,4.92239467849224
Slovakia,2002,3.35270451497541
Slovakia,2003,4.20393559928444
Slovakia,2004,2.17166494312306
Slovakia,2005,1.33951571354972
Slovakia,2006,1.28932439401753
Slovakia,2007,1.29533678756477
Slovakia,2008,1.34228187919463
Slovakia,2009,1.03626943005181
Slovakia,2010,0.76104283437034
Slovakia,2011,0.715137067938021
Slovakia,2012,1.28670748158141
Slovakia,2013,0.971796767719446
Slovakia,2014,0.957976077061501
Slovakia,2015,1.11722969395319
Slovakia,2016,1.1983032873807
Slovakia,2017,1.29856306546035
Slovakia,2018,1.15934356802541
Slovakia,2019,1.07161803713528
Slovakia,2020,1.24269782262347
Slovakia,2021,1.37931034482759
Slovakia,2022,
Slovenia,1960,
Slovenia,1961,
Slovenia,1962,
Slovenia,1963,
Slovenia,1964,
Slovenia,1965,
Slovenia,1966,
Slovenia,1967,
Slovenia,1968,
Slovenia,1969,
Slovenia,1970,
Slovenia,1971,
Slovenia,1972,
Slovenia,1973,
Slovenia,1974,
Slovenia,1975,
Slovenia,1976,
Slovenia,1977,
Slovenia,1978,
Slovenia,1979,
Slovenia,1980,
Slovenia,1981,
Slovenia,1982,
Slovenia,1983,
Slovenia,1984,
Slovenia,1985,
Slovenia,1986,
Slovenia,1987,
Slovenia,1988,
Slovenia,1989,
Slovenia,1990,
Slovenia,1991,
Slovenia,1992,
Slovenia,1993,
Slovenia,1994,
Slovenia,1995,
Slovenia,1996,
Slovenia,1997,
Slovenia,1998,
Slovenia,1999,
Slovenia,2000,
Slovenia,2001,0.588235294117647
Slovenia,2002,0.594059405940594
Slovenia,2003,0.588235294117647
Slovenia,2004,0.609756097560976
Slovenia,2005,0.392927308447937
Slovenia,2006,0.610997963340122
Slovenia,2007,0.803212851405622
Slovenia,2008,0.646663217796172
Slovenia,2009,0.639877143588431
Slovenia,2010,0.641169493155516
Slovenia,2011,0.644527158763152
Slovenia,2012,0.326909560470096
Slovenia,2013,0.327756018419888
Slovenia,2014,0.3252878797736
Slovenia,2015,0.486625898230304
Slovenia,2016,0.50204055192071
Slovenia,2017,0.520291363163372
Slovenia,2018,0.522875816993464
Slovenia,2019,0.514470503691122
Slovenia,2020,0.648659273698177
Slovenia,2021,0.762734057876129
Slovenia,2022,
Spain,1960,
Spain,1961,
Spain,1962,
Spain,1963,
Spain,1964,
Spain,1965,
Spain,1966,
Spain,1967,
Spain,1968,
Spain,1969,
Spain,1970,
Spain,1971,
Spain,1972,
Spain,1973,
Spain,1974,
Spain,1975,
Spain,1976,
Spain,1977,
Spain,1978,
Spain,1979,
Spain,1980,
Spain,1981,
Spain,1982,
Spain,1983,
Spain,1984,
Spain,1985,
Spain,1986,
Spain,1987,
Spain,1988,
Spain,1989,
Spain,1990,
Spain,1991,
Spain,1992,
Spain,1993,
Spain,1994,
Spain,1995,
Spain,1996,
Spain,1997,
Spain,1998,
Spain,1999,
Spain,2000,
Spain,2001,12.6253387533875
Spain,2002,12.8488391855604
Spain,2003,12.2697492539361
Spain,2004,11.7436620687283
Spain,2005,11.7096420244137
Spain,2006,11.6031174640897
Spain,2007,11.8483073846593
Spain,2008,11.9387392509417
Spain,2009,11.4658562745799
Spain,2010,12.0021782537666
Spain,2011,12.1196416672836
Spain,2012,13.0057159824809
Spain,2013,14.1846093995481
Spain,2014,14.4028896079464
Spain,2015,13.5398566402649
Spain,2016,13.7597703468782
Spain,2017,13.9335468804013
Spain,2018,14.1454194820544
Spain,2019,14.6098073138621
Spain,2020,14.6549134993381
Spain,2021,14.7850960779743
Spain,2022,
Sudan,1960,
Sudan,1961,
Sudan,1962,
Sudan,1963,
Sudan,1964,
Sudan,1965,
Sudan,1966,
Sudan,1967,
Sudan,1968,
Sudan,1969,
Sudan,1970,
Sudan,1971,
Sudan,1972,
Sudan,1973,
Sudan,1974,
Sudan,1975,
Sudan,1976,
Sudan,1977,
Sudan,1978,
Sudan,1979,
Sudan,1980,
Sudan,1981,
Sudan,1982,
Sudan,1983,
Sudan,1984,
Sudan,1985,
Sudan,1986,
Sudan,1987,
Sudan,1988,
Sudan,1989,
Sudan,1990,
Sudan,1991,
Sudan,1992,
Sudan,1993,
Sudan,1994,
Sudan,1995,
Sudan,1996,
Sudan,1997,
Sudan,1998,
Sudan,1999,
Sudan,2000,
Sudan,2001,
Sudan,2002,
Sudan,2003,
Sudan,2004,
Sudan,2005,
Sudan,2006,
Sudan,2007,
Sudan,2008,
Sudan,2009,
Sudan,2010,
Sudan,2011,
Sudan,2012,
Sudan,2013,
Sudan,2014,
Sudan,2015,
Sudan,2016,
Sudan,2017,0.453899315519832
Sudan,2018,1.26785120868446
Sudan,2019,1.37612741672986
Sudan,2020,1.39049591691605
Sudan,2021,
Sudan,2022,
Suriname,1960,
Suriname,1961,
Suriname,1962,
Suriname,1963,
Suriname,1964,
Suriname,1965,
Suriname,1966,
Suriname,1967,
Suriname,1968,
Suriname,1969,
Suriname,1970,
Suriname,1971,
Suriname,1972,
Suriname,1973,
Suriname,1974,
Suriname,1975,
Suriname,1976,
Suriname,1977,
Suriname,1978,
Suriname,1979,
Suriname,1980,
Suriname,1981,
Suriname,1982,
Suriname,1983,
Suriname,1984,
Suriname,1985,
Suriname,1986,
Suriname,1987,
Suriname,1988,
Suriname,1989,
Suriname,1990,
Suriname,1991,
Suriname,1992,
Suriname,1993,
Suriname,1994,
Suriname,1995,
Suriname,1996,
Suriname,1997,
Suriname,1998,
Suriname,1999,
Suriname,2000,
Suriname,2001,
Suriname,2002,
Suriname,2003,
Suriname,2004,
Suriname,2005,
Suriname,2006,
Suriname,2007,
Suriname,2008,
Suriname,2009,70.2114427860697
Suriname,2010,71.0600255427842
Suriname,2011,69.55
Suriname,2012,72.9918032786885
Suriname,2013,72.65625
Suriname,2014,72.562358276644
Suriname,2015,75.8620689655172
Suriname,2016,75.8620689655172
Suriname,2017,75.0
Suriname,2018,73.8095238095238
Suriname,2019,75.0
Suriname,2020,75.0
Suriname,2021,74.3589743589744
Suriname,2022,
Syria,1960,
Syria,1961,
Syria,1962,
Syria,1963,
Syria,1964,
Syria,1965,
Syria,1966,
Syria,1967,
Syria,1968,
Syria,1969,
Syria,1970,
Syria,1971,
Syria,1972,
Syria,1973,
Syria,1974,
Syria,1975,
Syria,1976,
Syria,1977,
Syria,1978,
Syria,1979,
Syria,1980,
Syria,1981,
Syria,1982,
Syria,1983,
Syria,1984,
Syria,1985,
Syria,1986,
Syria,1987,
Syria,1988,
Syria,1989,
Syria,1990,
Syria,1991,
Syria,1992,
Syria,1993,
Syria,1994,
Syria,1995,
Syria,1996,
Syria,1997,
Syria,1998,
Syria,1999,
Syria,2000,
Syria,2001,
Syria,2002,
Syria,2003,9.85303699413596
Syria,2004,10.3487953973391
Syria,2005,10.3124096037026
Syria,2006,10.1030482092671
Syria,2007,10.0453335252213
Syria,2008,9.75679953950209
Syria,2009,8.90135174000575
Syria,2010,9.64193270060397
Syria,2011,10.0538986704995
Syria,2012,10.2578837727175
Syria,2013,9.41024351698872
Syria,2014,
Syria,2015,
Syria,2016,7.21442878571235
Syria,2017,6.81535838533693
Syria,2018,6.995759640538
Syria,2019,7.28284577165641
Syria,2020,7.27932602410802
Syria,2021,
Syria,2022,
Tajikistan,1960,
Tajikistan,1961,
Tajikistan,1962,
Tajikistan,1963,
Tajikistan,1964,
Tajikistan,1965,
Tajikistan,1966,
Tajikistan,1967,
Tajikistan,1968,
Tajikistan,1969,
Tajikistan,1970,
Tajikistan,1971,
Tajikistan,1972,
Tajikistan,1973,
Tajikistan,1974,
Tajikistan,1975,
Tajikistan,1976,
Tajikistan,1977,
Tajikistan,1978,
Tajikistan,1979,
Tajikistan,1980,
Tajikistan,1981,
Tajikistan,1982,
Tajikistan,1983,
Tajikistan,1984,
Tajikistan,1985,
Tajikistan,1986,
Tajikistan,1987,
Tajikistan,1988,
Tajikistan,1989,
Tajikistan,1990,
Tajikistan,1991,
Tajikistan,1992,
Tajikistan,1993,
Tajikistan,1994,
Tajikistan,1995,
Tajikistan,1996,
Tajikistan,1997,
Tajikistan,1998,
Tajikistan,1999,
Tajikistan,2000,
Tajikistan,2001,
Tajikistan,2002,
Tajikistan,2003,
Tajikistan,2004,
Tajikistan,2005,
Tajikistan,2006,
Tajikistan,2007,
Tajikistan,2008,
Tajikistan,2009,
Tajikistan,2010,
Tajikistan,2011,
Tajikistan,2012,
Tajikistan,2013,
Tajikistan,2014,16.9776817256141
Tajikistan,2015,16.8669226640241
Tajikistan,2016,11.5272593018009
Tajikistan,2017,11.434452120397
Tajikistan,2018,11.4931997719684
Tajikistan,2019,11.5591069903623
Tajikistan,2020,11.5744507729862
Tajikistan,2021,11.5253203172666
Tajikistan,2022,
Tunisia,1960,
Tunisia,1961,
Tunisia,1962,
Tunisia,1963,
Tunisia,1964,
Tunisia,1965,
Tunisia,1966,
Tunisia,1967,
Tunisia,1968,
Tunisia,1969,
Tunisia,1970,
Tunisia,1971,
Tunisia,1972,
Tunisia,1973,
Tunisia,1974,
Tunisia,1975,
Tunisia,1976,
Tunisia,1977,
Tunisia,1978,
Tunisia,1979,
Tunisia,1980,
Tunisia,1981,
Tunisia,1982,
Tunisia,1983,
Tunisia,1984,
Tunisia,1985,
Tunisia,1986,
Tunisia,1987,
Tunisia,1988,
Tunisia,1989,
Tunisia,1990,
Tunisia,1991,
Tunisia,1992,
Tunisia,1993,
Tunisia,1994,
Tunisia,1995,
Tunisia,1996,
Tunisia,1997,
Tunisia,1998,
Tunisia,1999,
Tunisia,2000,
Tunisia,2001,3.64248868301927
Tunisia,2002,3.67714841749462
Tunisia,2003,3.556827473426
Tunisia,2004,3.62156663275687
Tunisia,2005,3.62377850162866
Tunisia,2006,3.8037935957577
Tunisia,2007,3.88577256501785
Tunisia,2008,4.00769152919745
Tunisia,2009,4.12708141791807
Tunisia,2010,3.89519824666268
Tunisia,2011,3.76290706910246
Tunisia,2012,3.83995162265672
Tunisia,2013,3.94247209091823
Tunisia,2014,
Tunisia,2015,
Tunisia,2016,
Tunisia,2017,
Tunisia,2018,
Tunisia,2019,
Tunisia,2020,
Tunisia,2021,
Tunisia,2022,
Turkiye,1960,
Turkiye,1961,
Turkiye,1962,
Turkiye,1963,
Turkiye,1964,
Turkiye,1965,
Turkiye,1966,
Turkiye,1967,
Turkiye,1968,
Turkiye,1969,
Turkiye,1970,
Turkiye,1971,
Turkiye,1972,
Turkiye,1973,
Turkiye,1974,
Turkiye,1975,
Turkiye,1976,
Turkiye,1977,
Turkiye,1978,
Turkiye,1979,
Turkiye,1980,
Turkiye,1981,
Turkiye,1982,
Turkiye,1983,
Turkiye,1984,
Turkiye,1985,
Turkiye,1986,
Turkiye,1987,
Turkiye,1988,
Turkiye,1989,
Turkiye,1990,
Turkiye,1991,
Turkiye,1992,
Turkiye,1993,
Turkiye,1994,
Turkiye,1995,
Turkiye,1996,
Turkiye,1997,
Turkiye,1998,
Turkiye,1999,
Turkiye,2000,
Turkiye,2001,
Turkiye,2002,12.658996019031
Turkiye,2003,12.8309221533314
Turkiye,2004,12.6546954622664
Turkiye,2005,12.6507047036848
Turkiye,2006,12.87876916998
Turkiye,2007,13.2008606505506
Turkiye,2008,13.3300955983845
Turkiye,2009,13.4023797897767
Turkiye,2010,13.3676817389521
Turkiye,2011,13.6350563442884
Turkiye,2012,13.5782539641211
Turkiye,2013,13.5725997449444
Turkiye,2014,13.5264823364631
Turkiye,2015,13.5275349536977
Turkiye,2016,13.6062408682947
Turkiye,2017,13.7366979243494
Turkiye,2018,13.7955663721496
Turkiye,2019,13.8270230141054
Turkiye,2020,13.8101795455749
Turkiye,2021,13.6916170022841
Turkiye,2022,
Ukraine,1960,
Ukraine,1961,
Ukraine,1962,
Ukraine,1963,
Ukraine,1964,
Ukraine,1965,
Ukraine,1966,
Ukraine,1967,
Ukraine,1968,
Ukraine,1969,
Ukraine,1970,
Ukraine,1971,
Ukraine,1972,
Ukraine,1973,
Ukraine,1974,
Ukraine,1975,
Ukraine,1976,
Ukraine,1977,
Ukraine,1978,
Ukraine,1979,
Ukraine,1980,
Ukraine,1981,
Ukraine,1982,
Ukraine,1983,
Ukraine,1984,
Ukraine,1985,
Ukraine,1986,
Ukraine,1987,
Ukraine,1988,
Ukraine,1989,
Ukraine,1990,
Ukraine,1991,
Ukraine,1992,
Ukraine,1993,
Ukraine,1994,
Ukraine,1995,
Ukraine,1996,
Ukraine,1997,
Ukraine,1998,
Ukraine,1999,
Ukraine,2000,
Ukraine,2001,1.31279449075752
Ukraine,2002,1.76369697555319
Ukraine,2003,1.76858904606456
Ukraine,2004,
Ukraine,2005,
Ukraine,2006,
Ukraine,2007,
Ukraine,2008,
Ukraine,2009,0.981199728655877
Ukraine,2010,0.896600189013013
Ukraine,2011,0.898718538795087
Ukraine,2012,0.910477758674964
Ukraine,2013,0.968068198237249
Ukraine,2014,0.7467900074679
Ukraine,2015,0.756480678423436
Ukraine,2016,0.792484644104541
Ukraine,2017,0.899033478753405
Ukraine,2018,0.965423794430061
Ukraine,2019,0.987630413207136
Ukraine,2020,1.05298830819878
Ukraine,2021,1.06993294764106
Ukraine,2022,
United Arab Emirates,1960,
United Arab Emirates,1961,
United Arab Emirates,1962,
United Arab Emirates,1963,
United Arab Emirates,1964,
United Arab Emirates,1965,
United Arab Emirates,1966,
United Arab Emirates,1967,
United Arab Emirates,1968,
United Arab Emirates,1969,
United Arab Emirates,1970,
United Arab Emirates,1971,
United Arab Emirates,1972,
United Arab Emirates,1973,
United Arab Emirates,1974,
United Arab Emirates,1975,
United Arab Emirates,1976,
United Arab Emirates,1977,
United Arab Emirates,1978,
United Arab Emirates,1979,
United Arab Emirates,1980,
United Arab Emirates,1981,
United Arab Emirates,1982,
United Arab Emirates,1983,
United Arab Emirates,1984,
United Arab Emirates,1985,
United Arab Emirates,1986,
United Arab Emirates,1987,
United Arab Emirates,1988,
United Arab Emirates,1989,
United Arab Emirates,1990,
United Arab Emirates,1991,
United Arab Emirates,1992,
United Arab Emirates,1993,
United Arab Emirates,1994,
United Arab Emirates,1995,
United Arab Emirates,1996,
United Arab Emirates,1997,
United Arab Emirates,1998,
United Arab Emirates,1999,
United Arab Emirates,2000,
United Arab Emirates,2001,
United Arab Emirates,2002,
United Arab Emirates,2003,
United Arab Emirates,2004,
United Arab Emirates,2005,
United Arab Emirates,2006,
United Arab Emirates,2007,
United Arab Emirates,2008,
United Arab Emirates,2009,
United Arab Emirates,2010,19.3729288809585
United Arab Emirates,2011,18.3011583011583
United Arab Emirates,2012,12.768781523759
United Arab Emirates,2013,20.9277807063785
United Arab Emirates,2014,21.5686274509804
United Arab Emirates,2015,21.6300940438871
United Arab Emirates,2016,21.8342886920271
United Arab Emirates,2017,21.8342886920271
United Arab Emirates,2018,21.9148657498363
United Arab Emirates,2019,23.6577868852459
United Arab Emirates,2020,23.5556695741406
United Arab Emirates,2021,23.9962304772047
United Arab Emirates,2022,
Uruguay,1960,
Uruguay,1961,
Uruguay,1962,
Uruguay,1963,
Uruguay,1964,
Uruguay,1965,
Uruguay,1966,
Uruguay,1967,
Uruguay,1968,
Uruguay,1969,
Uruguay,1970,
Uruguay,1971,
Uruguay,1972,
Uruguay,1973,
Uruguay,1974,
Uruguay,1975,
Uruguay,1976,
Uruguay,1977,
Uruguay,1978,
Uruguay,1979,
Uruguay,1980,
Uruguay,1981,
Uruguay,1982,
Uruguay,1983,
Uruguay,1984,
Uruguay,1985,
Uruguay,1986,
Uruguay,1987,
Uruguay,1988,
Uruguay,1989,
Uruguay,1990,
Uruguay,1991,
Uruguay,1992,
Uruguay,1993,
Uruguay,1994,
Uruguay,1995,
Uruguay,1996,
Uruguay,1997,
Uruguay,1998,
Uruguay,1999,
Uruguay,2000,
Uruguay,2001,
Uruguay,2002,
Uruguay,2003,
Uruguay,2004,
Uruguay,2005,
Uruguay,2006,1.15005103776795
Uruguay,2007,1.07903780068729
Uruguay,2008,1.22665939757394
Uruguay,2009,1.16781422978264
Uruguay,2010,1.23328483336798
Uruguay,2011,1.37684152554041
Uruguay,2012,1.40479033504249
Uruguay,2013,
Uruguay,2014,
Uruguay,2015,
Uruguay,2016,1.56323386118764
Uruguay,2017,1.56789403005013
Uruguay,2018,1.57144065168983
Uruguay,2019,
Uruguay,2020,
Uruguay,2021,
Uruguay,2022,
Uzbekistan,1960,
Uzbekistan,1961,
Uzbekistan,1962,
Uzbekistan,1963,
Uzbekistan,1964,
Uzbekistan,1965,
Uzbekistan,1966,
Uzbekistan,1967,
Uzbekistan,1968,
Uzbekistan,1969,
Uzbekistan,1970,
Uzbekistan,1971,
Uzbekistan,1972,
Uzbekistan,1973,
Uzbekistan,1974,
Uzbekistan,1975,
Uzbekistan,1976,
Uzbekistan,1977,
Uzbekistan,1978,
Uzbekistan,1979,
Uzbekistan,1980,
Uzbekistan,1981,
Uzbekistan,1982,
Uzbekistan,1983,
Uzbekistan,1984,
Uzbekistan,1985,
Uzbekistan,1986,
Uzbekistan,1987,
Uzbekistan,1988,
Uzbekistan,1989,
Uzbekistan,1990,
Uzbekistan,1991,
Uzbekistan,1992,
Uzbekistan,1993,
Uzbekistan,1994,
Uzbekistan,1995,
Uzbekistan,1996,
Uzbekistan,1997,
Uzbekistan,1998,
Uzbekistan,1999,
Uzbekistan,2000,
Uzbekistan,2001,
Uzbekistan,2002,
Uzbekistan,2003,
Uzbekistan,2004,
Uzbekistan,2005,
Uzbekistan,2006,
Uzbekistan,2007,
Uzbekistan,2008,
Uzbekistan,2009,
Uzbekistan,2010,
Uzbekistan,2011,
Uzbekistan,2012,
Uzbekistan,2013,
Uzbekistan,2014,
Uzbekistan,2015,14.3529826209488
Uzbekistan,2016,14.3417483177208
Uzbekistan,2017,14.6327134867545
Uzbekistan,2018,14.6322731315854
Uzbekistan,2019,14.5926676658071
Uzbekistan,2020,14.5312956293196
Uzbekistan,2021,14.5247678139086
Uzbekistan,2022,
Palestine,1960,
Palestine,1961,
Palestine,1962,
Palestine,1963,
Palestine,1964,
Palestine,1965,
Palestine,1966,
Palestine,1967,
Palestine,1968,
Palestine,1969,
Palestine,1970,
Palestine,1971,
Palestine,1972,
Palestine,1973,
Palestine,1974,
Palestine,1975,
Palestine,1976,
Palestine,1977,
Palestine,1978,
Palestine,1979,
Palestine,1980,
Palestine,1981,
Palestine,1982,
Palestine,1983,
Palestine,1984,
Palestine,1985,
Palestine,1986,
Palestine,1987,
Palestine,1988,
Palestine,1989,
Palestine,1990,
Palestine,1991,
Palestine,1992,
Palestine,1993,
Palestine,1994,
Palestine,1995,
Palestine,1996,
Palestine,1997,
Palestine,1998,
Palestine,1999,
Palestine,2000,
Palestine,2001,3.50606323088244
Palestine,2002,3.45575597755124
Palestine,2003,3.30829270828656
Palestine,2004,3.39130169749675
Palestine,2005,3.29612070137168
Palestine,2006,3.53743019203101
Palestine,2007,3.78748243474778
Palestine,2008,3.62352511870242
Palestine,2009,
Palestine,2010,3.41424379834623
Palestine,2011,3.71865867981419
Palestine,2012,5.74327199771767
Palestine,2013,3.65321836714652
Palestine,2014,
Palestine,2015,
Palestine,2016,
Palestine,2017,
Palestine,2018,
Palestine,2019,
Palestine,2020,
Palestine,2021,
Palestine,2022,
